File,Key,UntranslatedValue,EnglishString,IsDuplicate,OccurrenceCount,DuplicateLocations
"src/main/assets/locales/cy/respondToClaim/legalrep/counterClaim.json","pageTitle","cyCounterclaim","Counterclaim","FALSE","1","counterClaim.json::pageTitle"
"src/main/assets/locales/cy/respondToClaim/legalrep/counterClaim.json","counterClaimFeesParagraph2","cyThere will be a link to make a counterclaim once you’ve submitted the response.","There will be a link to make a counterclaim once you’ve submitted the response.","FALSE","1","counterClaim.json::counterClaimFeesParagraph2"
"src/main/assets/locales/cy/respondToClaim/legalrep/counterClaim.json","question","cyIs the defendant planning to make a counterclaim against {{claimantName}}?","Is the defendant planning to make a counterclaim against {{claimantName}}?","FALSE","1","counterClaim.json::question"
"src/main/assets/locales/cy/respondToClaim/legalrep/counterClaim.json","options.yes","cyYes","Yes","TRUE","7","counterClaim.json::options.yes ; defendantNameConfirmation.json::yesOption ; correspondenceAddress.json::labels.yes ; defendantNameConfirmation.json::yesOption ; emailConfirmation.json::options.yes ; nonRentArrearsDispute.json::disputeOtherPartsOptions.yes ; checkYourAnswersYourResponse.json::options.yes"
"src/main/assets/locales/cy/respondToClaim/legalrep/counterClaim.json","options.no","cyNo","No","TRUE","7","counterClaim.json::options.no ; defendantNameConfirmation.json::noOption ; correspondenceAddress.json::labels.no ; defendantNameConfirmation.json::noOption ; emailConfirmation.json::options.noOption ; nonRentArrearsDispute.json::disputeOtherPartsOptions.no ; checkYourAnswersYourResponse.json::options.no"
"src/main/assets/locales/cy/respondToClaim/legalrep/counterClaim.json","errors.makeCounterClaim","cySelect if the defendant is planning to make a counterclaim","Select if the defendant is planning to make a counterclaim","FALSE","1","counterClaim.json::errors.makeCounterClaim"
"src/main/assets/locales/cy/respondToClaim/legalrep/counterClaimAbout.json","pageTitle","cyAbout the defendant’s counterclaim","About the defendant’s counterclaim","TRUE","2","counterClaimAbout.json::pageTitle ; counterClaimAbout.json::heading"
"src/main/assets/locales/cy/respondToClaim/legalrep/counterClaimAbout.json","heading","cyAbout the defendant’s counterclaim","About the defendant’s counterclaim","TRUE","2","counterClaimAbout.json::pageTitle ; counterClaimAbout.json::heading"
"src/main/assets/locales/cy/respondToClaim/legalrep/counterClaimAbout.json","infoParagraph1","cyYou will be able to upload any evidence the defendant has on the next page.","You will be able to upload any evidence the defendant has on the next page.","TRUE","2","counterClaimAbout.json::infoParagraph1 ; counterClaimOrderOtherThanSum.json::infoParagraph1"
"src/main/assets/locales/cy/respondToClaim/legalrep/counterClaimAbout.json","infoParagraph2","cyThe claimant will be able to see your answers.","The claimant will be able to see your answers.","TRUE","2","counterClaimAbout.json::infoParagraph2 ; counterClaimOrderOtherThanSum.json::infoParagraph2"
"src/main/assets/locales/cy/respondToClaim/legalrep/counterClaimAbout.json","counterClaimForLabel","cyWhat is the defendant’s counterclaim for?","What is the defendant’s counterclaim for?","FALSE","1","counterClaimAbout.json::counterClaimForLabel"
"src/main/assets/locales/cy/respondToClaim/legalrep/counterClaimAbout.json","counterClaimReasonsLabel","cyWhat are their reasons for making the counterclaim?","What are their reasons for making the counterclaim?","FALSE","1","counterClaimAbout.json::counterClaimReasonsLabel"
"src/main/assets/locales/cy/respondToClaim/legalrep/counterClaimAbout.json","errors.counterClaimForRequired","cyEnter what the defendant’s counterclaim is for","Enter what the defendant’s counterclaim is for","FALSE","1","counterClaimAbout.json::errors.counterClaimForRequired"
"src/main/assets/locales/cy/respondToClaim/legalrep/counterClaimAbout.json","errors.counterClaimForMaxLength","cyWhat the defendant’s counterclaim is for must be 6800 characters or less","What the defendant’s counterclaim is for must be 6800 characters or less","FALSE","1","counterClaimAbout.json::errors.counterClaimForMaxLength"
"src/main/assets/locales/cy/respondToClaim/legalrep/counterClaimAbout.json","errors.counterClaimReasonsRequired","cyEnter what the defendant’s reasons are for making the counterclaim","Enter what the defendant’s reasons are for making the counterclaim","FALSE","1","counterClaimAbout.json::errors.counterClaimReasonsRequired"
"src/main/assets/locales/cy/respondToClaim/legalrep/counterClaimAbout.json","errors.counterClaimReasonsMaxLength","cyWhat the defendant’s reasons are for making the counterclaim must be 6800 characters or less","What the defendant’s reasons are for making the counterclaim must be 6800 characters or less","FALSE","1","counterClaimAbout.json::errors.counterClaimReasonsMaxLength"
"src/main/assets/locales/cy/respondToClaim/legalrep/counterClaimAgainstWhom.json","pageTitle","cyWho the counterclaim is against","Who the counterclaim is against","FALSE","1","counterClaimAgainstWhom.json::pageTitle"
"src/main/assets/locales/cy/respondToClaim/legalrep/counterClaimAgainstWhom.json","checkboxHint","cySelect all that apply","Select all that apply","FALSE","1","counterClaimAgainstWhom.json::checkboxHint"
"src/main/assets/locales/cy/respondToClaim/legalrep/counterClaimAgainstWhom.json","heading","cyWho is the defendant making a counterclaim against?","Who is the defendant making a counterclaim against?","FALSE","1","counterClaimAgainstWhom.json::heading"
"src/main/assets/locales/cy/respondToClaim/legalrep/counterClaimAgainstWhom.json","errors.counterClaimAgainst.required","cySelect who the defendant is making a counterclaim against","Select who the defendant is making a counterclaim against","FALSE","1","counterClaimAgainstWhom.json::errors.counterClaimAgainst.required"
"src/main/assets/locales/cy/respondToClaim/legalrep/counterClaimDoYouWantToUploadFiles.json","pageTitle","cyDo you want to upload files?","Do you want to upload files?","FALSE","1","counterClaimDoYouWantToUploadFiles.json::pageTitle"
"src/main/assets/locales/cy/respondToClaim/legalrep/counterClaimDoYouWantToUploadFiles.json","heading","cyDo you want to upload files to support the counterclaim?","Do you want to upload files to support the counterclaim?","FALSE","1","counterClaimDoYouWantToUploadFiles.json::heading"
"src/main/assets/locales/cy/respondToClaim/legalrep/counterClaimDoYouWantToUploadFiles.json","paragraph1","cyWitness statements do not need to be uploaded at this stage, directions for the exchange of witness statements will be given later.","Witness statements do not need to be uploaded at this stage, directions for the exchange of witness statements will be given later.","FALSE","1","counterClaimDoYouWantToUploadFiles.json::paragraph1"
"src/main/assets/locales/cy/respondToClaim/legalrep/counterClaimDoYouWantToUploadFiles.json","paragraph2","cyAll parties will be able to see these files.","All parties will be able to see these files.","FALSE","1","counterClaimDoYouWantToUploadFiles.json::paragraph2"
"src/main/assets/locales/cy/respondToClaim/legalrep/counterClaimDoYouWantToUploadFiles.json","errors.counterClaimWantToUploadFiles","cySelect if you want to upload files to support the counterclaim","Select if you want to upload files to support the counterclaim","FALSE","1","counterClaimDoYouWantToUploadFiles.json::errors.counterClaimWantToUploadFiles"
"src/main/assets/locales/cy/respondToClaim/legalrep/counterClaimFee.json","pageTitle","cyCounterclaim fee","Counterclaim fee","FALSE","1","counterClaimFee.json::pageTitle"
"src/main/assets/locales/cy/respondToClaim/legalrep/counterClaimFee.json","counterClaimFeeHeading","cyHelp with court fees","Help with court fees","FALSE","1","counterClaimFee.json::counterClaimFeeHeading"
"src/main/assets/locales/cy/respondToClaim/legalrep/counterClaimFee.json","counterClaimFeeCostParagraph","cyBased on the information provided, it will cost the defendant {{counterClaimFee, currency(currency: GBP; trailingZeroDisplay: stripIfInteger)}} to make their counterclaim.","Based on the information provided, it will cost the defendant {{counterClaimFee, currency(currency: GBP; trailingZeroDisplay: stripIfInteger)}} to make their counterclaim.","FALSE","1","counterClaimFee.json::counterClaimFeeCostParagraph"
"src/main/assets/locales/cy/respondToClaim/legalrep/counterClaimFee.json","counterClaimFeeHelpParagraph","cyThe defendant may be able to get help paying the fee if they (one or more of the following):","The defendant may be able to get help paying the fee if they (one or more of the following):","FALSE","1","counterClaimFee.json::counterClaimFeeHelpParagraph"
"src/main/assets/locales/cy/respondToClaim/legalrep/counterClaimFee.json","counterClaimFeeHeading2","cyDoes the defendant need help paying the counterclaim fee?","Does the defendant need help paying the counterclaim fee?","FALSE","1","counterClaimFee.json::counterClaimFeeHeading2"
"src/main/assets/locales/cy/respondToClaim/legalrep/counterClaimFee.json","counterClaimFeeOptions.iNeedHelpWithPayingFee","cyThe defendant needs help paying the fee","The defendant needs help paying the fee","FALSE","1","counterClaimFee.json::counterClaimFeeOptions.iNeedHelpWithPayingFee"
"src/main/assets/locales/cy/respondToClaim/legalrep/counterClaimFee.json","counterClaimFeeOptions.iDoNotNeedHelpWithPayingFee","cyThe defendant does not need help paying the fee","The defendant does not need help paying the fee","FALSE","1","counterClaimFee.json::counterClaimFeeOptions.iDoNotNeedHelpWithPayingFee"
"src/main/assets/locales/cy/respondToClaim/legalrep/counterClaimFee.json","errors.counterClaimFee.required","cySelect if the defendant needs help paying the counterclaim fee","Select if the defendant needs help paying the counterclaim fee","FALSE","1","counterClaimFee.json::errors.counterClaimFee.required"
"src/main/assets/locales/cy/respondToClaim/legalrep/counterClaimHaveYouAppliedForHelp.json","pageTitle","cyHelp with counterclaim fee","Help with counterclaim fee","FALSE","1","counterClaimHaveYouAppliedForHelp.json::pageTitle"
"src/main/assets/locales/cy/respondToClaim/legalrep/counterClaimHaveYouAppliedForHelp.json","heading","cyHas the defendant already applied for help with their counterclaim fee?","Has the defendant already applied for help with their counterclaim fee?","TRUE","2","counterClaimHaveYouAppliedForHelp.json::heading ; counterClaimHaveYouAppliedForHelp.json::question"
"src/main/assets/locales/cy/respondToClaim/legalrep/counterClaimHaveYouAppliedForHelp.json","question","cyHas the defendant already applied for help with their counterclaim fee?","Has the defendant already applied for help with their counterclaim fee?","TRUE","2","counterClaimHaveYouAppliedForHelp.json::heading ; counterClaimHaveYouAppliedForHelp.json::question"
"src/main/assets/locales/cy/respondToClaim/legalrep/counterClaimHaveYouAppliedForHelp.json","revealedHwfQuestionLabel","cyEnter the defendant’s Help with Fees reference number","Enter the defendant’s Help with Fees reference number","TRUE","2","counterClaimHaveYouAppliedForHelp.json::revealedHwfQuestionLabel ; counterClaimHaveYouAppliedForHelp.json::errors.hwfReference"
"src/main/assets/locales/cy/respondToClaim/legalrep/counterClaimHaveYouAppliedForHelp.json","errors.alreadyAppliedForHelp","cySelect if the defendant has already applied for help with their counterclaim fee?","Select if the defendant has already applied for help with their counterclaim fee?","FALSE","1","counterClaimHaveYouAppliedForHelp.json::errors.alreadyAppliedForHelp"
"src/main/assets/locales/cy/respondToClaim/legalrep/counterClaimHaveYouAppliedForHelp.json","errors.hwfReference","cyEnter the defendant’s Help with Fees reference number","Enter the defendant’s Help with Fees reference number","TRUE","2","counterClaimHaveYouAppliedForHelp.json::revealedHwfQuestionLabel ; counterClaimHaveYouAppliedForHelp.json::errors.hwfReference"
"src/main/assets/locales/cy/respondToClaim/legalrep/counterClaimHaveYouAppliedForHelp.json","errors.hwfReferenceMaxLength","cyThe defendant’s Help with Fees reference number must be 60 characters or fewer","The defendant’s Help with Fees reference number must be 60 characters or fewer","FALSE","1","counterClaimHaveYouAppliedForHelp.json::errors.hwfReferenceMaxLength"
"src/main/assets/locales/cy/respondToClaim/legalrep/counterClaimOrderOtherThanSum.json","pageTitle","cyClaim for something else","Claim for something else","FALSE","1","counterClaimOrderOtherThanSum.json::pageTitle"
"src/main/assets/locales/cy/respondToClaim/legalrep/counterClaimOrderOtherThanSum.json","heading","cyCounterclaim for an order other than a sum of money","Counterclaim for an order other than a sum of money","FALSE","1","counterClaimOrderOtherThanSum.json::heading"
"src/main/assets/locales/cy/respondToClaim/legalrep/counterClaimOrderOtherThanSum.json","infoParagraph1","cyYou will be able to upload any evidence the defendant has on the next page.","You will be able to upload any evidence the defendant has on the next page.","TRUE","2","counterClaimAbout.json::infoParagraph1 ; counterClaimOrderOtherThanSum.json::infoParagraph1"
"src/main/assets/locales/cy/respondToClaim/legalrep/counterClaimOrderOtherThanSum.json","infoParagraph2","cyThe claimant will be able to see your answers.","The claimant will be able to see your answers.","TRUE","2","counterClaimAbout.json::infoParagraph2 ; counterClaimOrderOtherThanSum.json::infoParagraph2"
"src/main/assets/locales/cy/respondToClaim/legalrep/counterClaimOrderOtherThanSum.json","characterCountHint","cyFor example, ‘for the landlord to conduct remedial works’","For example, ‘for the landlord to conduct remedial works’","FALSE","1","counterClaimOrderOtherThanSum.json::characterCountHint"
"src/main/assets/locales/cy/respondToClaim/legalrep/counterClaimOrderOtherThanSum.json","otherOrderRequestFactsLabel","cyWhat facts would they like the court to consider when deciding the claim?","What facts would they like the court to consider when deciding the claim?","FALSE","1","counterClaimOrderOtherThanSum.json::otherOrderRequestFactsLabel"
"src/main/assets/locales/cy/respondToClaim/legalrep/counterClaimOrderOtherThanSum.json","otherOrderRequestDetailsLabel","cyWhat orders are they asking for the court to make?","What orders are they asking for the court to make?","FALSE","1","counterClaimOrderOtherThanSum.json::otherOrderRequestDetailsLabel"
"src/main/assets/locales/cy/respondToClaim/legalrep/counterClaimOrderOtherThanSum.json","errors.otherOrderRequestDetailsRequired","cyEnter what orders they are asking the court to make","Enter what orders they are asking the court to make","FALSE","1","counterClaimOrderOtherThanSum.json::errors.otherOrderRequestDetailsRequired"
"src/main/assets/locales/cy/respondToClaim/legalrep/counterClaimOrderOtherThanSum.json","errors.otherOrderRequestDetailsMaxLength","cyWhat orders they are asking the court to make must be 6800 characters or less","What orders they are asking the court to make must be 6800 characters or less","FALSE","1","counterClaimOrderOtherThanSum.json::errors.otherOrderRequestDetailsMaxLength"
"src/main/assets/locales/cy/respondToClaim/legalrep/counterClaimOrderOtherThanSum.json","errors.otherOrderRequestFactsRequired","cyEnter what facts they would like the court to consider when deciding the claim","Enter what facts they would like the court to consider when deciding the claim","FALSE","1","counterClaimOrderOtherThanSum.json::errors.otherOrderRequestFactsRequired"
"src/main/assets/locales/cy/respondToClaim/legalrep/counterClaimOrderOtherThanSum.json","errors.otherOrderRequestFactsMaxLength","cyWhat facts they would like the court to consider must be 6800 characters or less","What facts they would like the court to consider must be 6800 characters or less","FALSE","1","counterClaimOrderOtherThanSum.json::errors.otherOrderRequestFactsMaxLength"
"src/main/assets/locales/cy/respondToClaim/legalrep/counterClaimSpecificSum.json","pageTitle","cySum of counterclaim","Sum of counterclaim","FALSE","1","counterClaimSpecificSum.json::pageTitle"
"src/main/assets/locales/cy/respondToClaim/legalrep/counterClaimSpecificSum.json","heading","cyIs the defendant claiming for a specific sum of money?","Is the defendant claiming for a specific sum of money?","FALSE","1","counterClaimSpecificSum.json::heading"
"src/main/assets/locales/cy/respondToClaim/legalrep/counterClaimSpecificSum.json","claimAmountLabel","cyHow much is the defendant claiming?","How much is the defendant claiming?","FALSE","1","counterClaimSpecificSum.json::claimAmountLabel"
"src/main/assets/locales/cy/respondToClaim/legalrep/counterClaimSpecificSum.json","maxClaimAmountLabel","cyWhat’s the maximum value of their claim?","What’s the maximum value of their claim?","FALSE","1","counterClaimSpecificSum.json::maxClaimAmountLabel"
"src/main/assets/locales/cy/respondToClaim/legalrep/counterClaimSpecificSum.json","errors.isClaimAmountKnown.required","cySelect if the defendant is claiming for a specific sum of money","Select if the defendant is claiming for a specific sum of money","FALSE","1","counterClaimSpecificSum.json::errors.isClaimAmountKnown.required"
"src/main/assets/locales/cy/respondToClaim/legalrep/counterClaimSpecificSum.json","errors.claimAmount.required","cyEnter how much the defendant is claiming for","Enter how much the defendant is claiming for","FALSE","1","counterClaimSpecificSum.json::errors.claimAmount.required"
"src/main/assets/locales/cy/respondToClaim/legalrep/counterClaimSpecificSum.json","errors.claimAmount.largeAmount","cyThe amount the defendant is claiming for must be less than £1 billion","The amount the defendant is claiming for must be less than £1 billion","FALSE","1","counterClaimSpecificSum.json::errors.claimAmount.largeAmount"
"src/main/assets/locales/cy/respondToClaim/legalrep/counterClaimSpecificSum.json","errors.claimAmount.negative","cyThe amount the defendant is claiming for must be £0.00 or above","The amount the defendant is claiming for must be £0.00 or above","FALSE","1","counterClaimSpecificSum.json::errors.claimAmount.negative"
"src/main/assets/locales/cy/respondToClaim/legalrep/counterClaimSpecificSum.json","errors.claimAmount.invalidFormat","cyEnter how much the defendant is claiming for in the correct format, for example 148.00 or 148.50","Enter how much the defendant is claiming for in the correct format, for example 148.00 or 148.50","FALSE","1","counterClaimSpecificSum.json::errors.claimAmount.invalidFormat"
"src/main/assets/locales/cy/respondToClaim/legalrep/counterClaimSpecificSum.json","errors.estimatedMaxClaimAmount.required","cyEnter the maximum value of the defendant’s claim","Enter the maximum value of the defendant’s claim","FALSE","1","counterClaimSpecificSum.json::errors.estimatedMaxClaimAmount.required"
"src/main/assets/locales/cy/respondToClaim/legalrep/counterClaimSpecificSum.json","errors.estimatedMaxClaimAmount.largeAmount","cyThe maximum value the defendant is claiming for must be less than £1 billion","The maximum value the defendant is claiming for must be less than £1 billion","FALSE","1","counterClaimSpecificSum.json::errors.estimatedMaxClaimAmount.largeAmount"
"src/main/assets/locales/cy/respondToClaim/legalrep/counterClaimSpecificSum.json","errors.estimatedMaxClaimAmount.negative","cyThe maximum value the defendant is claiming for must be £0.00 or above","The maximum value the defendant is claiming for must be £0.00 or above","FALSE","1","counterClaimSpecificSum.json::errors.estimatedMaxClaimAmount.negative"
"src/main/assets/locales/cy/respondToClaim/legalrep/counterClaimSpecificSum.json","errors.estimatedMaxClaimAmount.invalidFormat","cyEnter the maximum value of the defendant’s claim in the correct format, for example 148.00 or 148.50","Enter the maximum value of the defendant’s claim in the correct format, for example 148.00 or 148.50","FALSE","1","counterClaimSpecificSum.json::errors.estimatedMaxClaimAmount.invalidFormat"
"src/main/assets/locales/cy/respondToClaim/legalrep/counterClaimUploadFiles.json","pageTitle","cyUpload counterclaim files","Upload counterclaim files","FALSE","1","counterClaimUploadFiles.json::pageTitle"
"src/main/assets/locales/cy/respondToClaim/legalrep/counterClaimUploadFiles.json","heading","cyUpload files to support the counterclaim","Upload files to support the counterclaim","FALSE","1","counterClaimUploadFiles.json::heading"
"src/main/assets/locales/cy/respondToClaim/legalrep/counterClaimUploadFiles.json","guidanceText","cyYou should only upload files that are relevant to the counterclaim.","You should only upload files that are relevant to the counterclaim.","FALSE","1","counterClaimUploadFiles.json::guidanceText"
"src/main/assets/locales/cy/respondToClaim/legalrep/counterClaimUploadFiles.json","guidanceText2","cyAll parties will be able to see any files you upload.","All parties will be able to see any files you upload.","FALSE","1","counterClaimUploadFiles.json::guidanceText2"
"src/main/assets/locales/cy/respondToClaim/legalrep/counterClaimUploadFiles.json","beforeUploadText","cyBefore you upload the file give it a name that tells the court what it is, for example 'Job offer letter'.","Before you upload the file give it a name that tells the court what it is, for example 'Job offer letter'.","FALSE","1","counterClaimUploadFiles.json::beforeUploadText"
"src/main/assets/locales/cy/respondToClaim/legalrep/counterClaimUploadFiles.json","fileTypesText","cyYou can upload the following file types: DOC/DOCX (Word), XLS/XLSM (Excel), PPT/PPTX (PowerPoint), PDF, RTF, TXT, CSV, JPG/JPEG, PNG, BMP, TIF/TIFF.","You can upload the following file types: DOC/DOCX (Word), XLS/XLSM (Excel), PPT/PPTX (PowerPoint), PDF, RTF, TXT, CSV, JPG/JPEG, PNG, BMP, TIF/TIFF.","FALSE","1","counterClaimUploadFiles.json::fileTypesText"
"src/main/assets/locales/cy/respondToClaim/legalrep/counterClaimUploadFiles.json","uploadLabel","cyUpload a file","Upload a file","FALSE","1","counterClaimUploadFiles.json::uploadLabel"
"src/main/assets/locales/cy/respondToClaim/legalrep/counterClaimUploadFiles.json","filesAddedHeading","cyFiles added","Files added","FALSE","1","counterClaimUploadFiles.json::filesAddedHeading"
"src/main/assets/locales/cy/respondToClaim/legalrep/counterClaimUploadFiles.json","uploadButton","cyUpload file","Upload file","FALSE","1","counterClaimUploadFiles.json::uploadButton"
"src/main/assets/locales/cy/respondToClaim/legalrep/counterClaimUploadFiles.json","deleteButton","cyRemove","Remove","TRUE","2","counterClaimUploadFiles.json::deleteButton ; uploadDocument.json::deleteButton"
"src/main/assets/locales/cy/respondToClaim/legalrep/counterClaimUploadFiles.json","noFilesUploaded","cyNo files uploaded","No files uploaded","TRUE","2","counterClaimUploadFiles.json::noFilesUploaded ; checkYourAnswersYourResponse.json::rows.counterClaimDocuments.none"
"src/main/assets/locales/cy/respondToClaim/legalrep/counterClaimUploadFiles.json","errors.documents","cySelect a file to support the counterclaim","Select a file to support the counterclaim","FALSE","1","counterClaimUploadFiles.json::errors.documents"
"src/main/assets/locales/cy/respondToClaim/legalrep/counterClaimWhatAreYouClaimingFor.json","pageTitle","cyWhat is the defendant claiming for?","What is the defendant claiming for?","TRUE","2","counterClaimWhatAreYouClaimingFor.json::pageTitle ; counterClaimWhatAreYouClaimingFor.json::heading"
"src/main/assets/locales/cy/respondToClaim/legalrep/counterClaimWhatAreYouClaimingFor.json","heading","cyWhat is the defendant claiming for?","What is the defendant claiming for?","TRUE","2","counterClaimWhatAreYouClaimingFor.json::pageTitle ; counterClaimWhatAreYouClaimingFor.json::heading"
"src/main/assets/locales/cy/respondToClaim/legalrep/counterClaimWhatAreYouClaimingFor.json","options.paymentOrCompensation","cyA sum of money or compensation","A sum of money or compensation","TRUE","2","counterClaimWhatAreYouClaimingFor.json::options.paymentOrCompensation ; checkYourAnswersYourResponse.json::rows.counterClaimType.options.PAYMENT_OR_COMPENSATION"
"src/main/assets/locales/cy/respondToClaim/legalrep/counterClaimWhatAreYouClaimingFor.json","options.somethingElse","cySomething else","Something else","TRUE","2","counterClaimWhatAreYouClaimingFor.json::options.somethingElse ; checkYourAnswersYourResponse.json::rows.counterClaimType.options.SOMETHING_ELSE"
"src/main/assets/locales/cy/respondToClaim/legalrep/counterClaimWhatAreYouClaimingFor.json","options.both","cyBoth","Both","TRUE","2","counterClaimWhatAreYouClaimingFor.json::options.both ; checkYourAnswersYourResponse.json::rows.counterClaimType.options.BOTH"
"src/main/assets/locales/cy/respondToClaim/legalrep/counterClaimWhatAreYouClaimingFor.json","errors.claimType.required","cySelect if the defendant is claiming for a sum of money or compensation, both or something else","Select if the defendant is claiming for a sum of money or compensation, both or something else","FALSE","1","counterClaimWhatAreYouClaimingFor.json::errors.claimType.required"
"src/main/assets/locales/cy/respondToClaim/legalrep/counterClaimYouNeedToApplyForHelpWithYourFees.json","pageTitle","cyApply for help with fees","Apply for help with fees","FALSE","1","counterClaimYouNeedToApplyForHelpWithYourFees.json::pageTitle"
"src/main/assets/locales/cy/respondToClaim/legalrep/counterClaimYouNeedToApplyForHelpWithYourFees.json","heading","cyThe defendant needs to apply for help with their counterclaim fee","The defendant needs to apply for help with their counterclaim fee","FALSE","1","counterClaimYouNeedToApplyForHelpWithYourFees.json::heading"
"src/main/assets/locales/cy/respondToClaim/legalrep/counterClaimYouNeedToApplyForHelpWithYourFees.json","youNeedToApplyBeforeContinuing","cyYou need to <a href=""https://www.gov.uk/get-help-with-court-fees"" target=""_blank"" rel=""noopener noreferrer"" class=""govuk-link"">apply for Help with Fees on the defendant’s behalf (GOV.UK, opens in new tab)</a> before you can continue with this counterclaim.","You need to <a href=""https://www.gov.uk/get-help-with-court-fees"" target=""_blank"" rel=""noopener noreferrer"" class=""govuk-link"">apply for Help with Fees on the defendant’s behalf (GOV.UK, opens in new tab)</a> before you can continue with this counterclaim.","FALSE","1","counterClaimYouNeedToApplyForHelpWithYourFees.json::youNeedToApplyBeforeContinuing"
"src/main/assets/locales/cy/respondToClaim/legalrep/counterClaimYouNeedToApplyForHelpWithYourFees.json","enterCourtFormNumber","cyEnter the court form number 'XXX' when asked. This will be one of the first questions when you apply.","Enter the court form number 'XXX' when asked. This will be one of the first questions when you apply.","FALSE","1","counterClaimYouNeedToApplyForHelpWithYourFees.json::enterCourtFormNumber"
"src/main/assets/locales/cy/respondToClaim/legalrep/counterClaimYouNeedToApplyForHelpWithYourFees.json","afterYouHaveApplied","cyAfter you have applied you will receive a Help with Fees reference number. You should enter the reference number when you return to this counterclaim.","After you have applied you will receive a Help with Fees reference number. You should enter the reference number when you return to this counterclaim.","FALSE","1","counterClaimYouNeedToApplyForHelpWithYourFees.json::afterYouHaveApplied"
"src/main/assets/locales/cy/respondToClaim/legalrep/counterClaimYouNeedToApplyForHelpWithYourFees.json","ifYouReceiveAnyBenefit","cyIf the defendant receives any benefit that qualifies them for Help with Fees, you must include evidence of it when you apply online for help with their fees.","If the defendant receives any benefit that qualifies them for Help with Fees, you must include evidence of it when you apply online for help with their fees.","FALSE","1","counterClaimYouNeedToApplyForHelpWithYourFees.json::ifYouReceiveAnyBenefit"
"src/main/assets/locales/cy/respondToClaim/legalrep/counterClaimYouNeedToApplyForHelpWithYourFees.json","ifYouHaveYourHWFReference","cyIf you have their Help with Fees reference number you can <a href=""./counter-claim-have-you-applied-for-help"" rel=""noopener noreferrer"" class=""govuk-link"">enter it here</a>.","If you have their Help with Fees reference number you can <a href=""./counter-claim-have-you-applied-for-help"" rel=""noopener noreferrer"" class=""govuk-link"">enter it here</a>.","FALSE","1","counterClaimYouNeedToApplyForHelpWithYourFees.json::ifYouHaveYourHWFReference"
"src/main/assets/locales/cy/respondToClaim/legalrep/uploadDocument.json","heading","cy Upload additional documents (Optional)","Upload additional documents (Optional)","FALSE","1","uploadDocument.json::heading"
"src/main/assets/locales/cy/respondToClaim/legalrep/uploadDocument.json","guidanceText","cy Upload any documents that you think are relevant to the response. The claimant will be able to see any documents you upload.","Upload any documents that you think are relevant to the response. The claimant will be able to see any documents you upload.","FALSE","1","uploadDocument.json::guidanceText"
"src/main/assets/locales/cy/respondToClaim/legalrep/uploadDocument.json","beforeUploadHeading","cy Before you upload your documents","Before you upload your documents","FALSE","1","uploadDocument.json::beforeUploadHeading"
"src/main/assets/locales/cy/respondToClaim/legalrep/uploadDocument.json","beforeUploadText","cy Give your document a name that explains what it is.","Give your document a name that explains what it is.","FALSE","1","uploadDocument.json::beforeUploadText"
"src/main/assets/locales/cy/respondToClaim/legalrep/uploadDocument.json","uploadLabel","cy Upload a document","Upload a document","FALSE","1","uploadDocument.json::uploadLabel"
"src/main/assets/locales/cy/respondToClaim/legalrep/uploadDocument.json","filesAddedHeading","cy Documents added","Documents added","FALSE","1","uploadDocument.json::filesAddedHeading"
"src/main/assets/locales/cy/respondToClaim/legalrep/uploadDocument.json","uploadButton","cy Upload document","Upload document","FALSE","1","uploadDocument.json::uploadButton"
"src/main/assets/locales/cy/respondToClaim/legalrep/uploadDocument.json","deleteButton","cy Remove","Remove","TRUE","2","counterClaimUploadFiles.json::deleteButton ; uploadDocument.json::deleteButton"
"src/main/assets/locales/cy/respondToClaim/legalrep/uploadDocument.json","noFilesUploaded","cy No documents uploaded","No documents uploaded","FALSE","1","uploadDocument.json::noFilesUploaded"
"src/main/assets/locales/cy/respondToClaim/legalrep/correspondenceAddress.json","legend","cyIs the defendant’s postal address {{ formattedAddressStr }}","Is the defendant’s postal address {{ formattedAddressStr }}","TRUE","2","correspondenceAddress.json::legend ; correspondenceAddress.json::legend"
"src/main/assets/locales/cy/respondToClaim/legalrep/correspondenceAddress.json","labels.enterManuallySubText","cyYou can enter the defendant’s address details in the fields below.","You can enter the defendant’s address details in the fields below.","TRUE","2","correspondenceAddress.json::labels.enterManuallySubText ; correspondenceAddress.json::labels.enterManuallySubText"
"src/main/assets/locales/cy/respondToClaim/legalrep/correspondenceAddress.json","labels.addressHeading","cyWhat’s the defendant’s postal address?","What’s the defendant’s postal address?","TRUE","2","correspondenceAddress.json::labels.addressHeading ; correspondenceAddress.json::labels.addressHeading"
"src/main/assets/locales/cy/respondToClaim/legalrep/correspondenceAddress.json","errors.correspondenceAddressConfirm","cyPlease confirm the defendant’s address by selecting the options below","Please confirm the defendant’s address by selecting the options below","TRUE","2","correspondenceAddress.json::errors.correspondenceAddressConfirm ; correspondenceAddress.json::errors.correspondenceAddressConfirm"
"src/main/assets/locales/cy/respondToClaim/legalrep/defendantDateOfBirth.json","pageTitle","cyDefendant’s date of birth","Defendant’s date of birth","TRUE","2","defendantDateOfBirth.json::pageTitle ; defendantDateOfBirth.json::pageTitle"
"src/main/assets/locales/cy/respondToClaim/legalrep/defendantDateOfBirth.json","dateOfBirthHint","cyFor example, 31 3 1980","For example, 31 3 1980","TRUE","2","defendantDateOfBirth.json::dateOfBirthHint ; defendantDateOfBirth.json::dateOfBirthHint"
"src/main/assets/locales/cy/respondToClaim/legalrep/defendantDateOfBirth.json","dateOfBirthLabel","cyDefendant’s date of birth (Optional)","Defendant’s date of birth (Optional)","FALSE","1","defendantDateOfBirth.json::dateOfBirthLabel"
"src/main/assets/locales/cy/respondToClaim/legalrep/defendantDateOfBirth.json","errors.date.day","cyDay","Day","TRUE","2","defendantDateOfBirth.json::errors.date.day ; defendantDateOfBirth.json::errors.date.day"
"src/main/assets/locales/cy/respondToClaim/legalrep/defendantDateOfBirth.json","errors.date.month","cyMonth","Month","TRUE","2","defendantDateOfBirth.json::errors.date.month ; defendantDateOfBirth.json::errors.date.month"
"src/main/assets/locales/cy/respondToClaim/legalrep/defendantDateOfBirth.json","errors.date.year","cyYear","Year","TRUE","2","defendantDateOfBirth.json::errors.date.year ; defendantDateOfBirth.json::errors.date.year"
"src/main/assets/locales/cy/respondToClaim/legalrep/defendantDateOfBirth.json","errors.date.required","cyEnter the defendant’s date of birth","Enter the defendant’s date of birth","TRUE","2","defendantDateOfBirth.json::errors.date.required ; defendantDateOfBirth.json::errors.date.required"
"src/main/assets/locales/cy/respondToClaim/legalrep/defendantDateOfBirth.json","errors.date.notRealDate","cyDate of birth must be a real date","Date of birth must be a real date","TRUE","3","defendantDateOfBirth.json::errors.date.notRealDate ; defendantDateOfBirth.json::errors.date.invalidValue ; defendantDateOfBirth.json::errors.date.notRealDate"
"src/main/assets/locales/cy/respondToClaim/legalrep/defendantDateOfBirth.json","errors.date.futureDate","cyDate of birth must be in the past","Date of birth must be in the past","TRUE","2","defendantDateOfBirth.json::errors.date.futureDate ; defendantDateOfBirth.json::errors.date.futureDate"
"src/main/assets/locales/cy/respondToClaim/legalrep/defendantDateOfBirth.json","errors.date.invalidValue","cyDate of birth must be a real date","Date of birth must be a real date","TRUE","3","defendantDateOfBirth.json::errors.date.notRealDate ; defendantDateOfBirth.json::errors.date.invalidValue ; defendantDateOfBirth.json::errors.date.notRealDate"
"src/main/assets/locales/cy/respondToClaim/legalrep/defendantDateOfBirth.json","errors.date.missingOne","cyThe defendant’s date of birth must include a {{missingField}}","The defendant’s date of birth must include a {{missingField}}","TRUE","2","defendantDateOfBirth.json::errors.date.missingOne ; defendantDateOfBirth.json::errors.date.missingOne"
"src/main/assets/locales/cy/respondToClaim/legalrep/defendantDateOfBirth.json","errors.date.missingTwo","cyThe defendant’s date of birth must include a {{first}} and {{second}}","The defendant’s date of birth must include a {{first}} and {{second}}","TRUE","2","defendantDateOfBirth.json::errors.date.missingTwo ; defendantDateOfBirth.json::errors.date.missingTwo"
"src/main/assets/locales/cy/respondToClaim/legalrep/defendantNameConfirmation.json","nameConfirmationLabel","cyIs the defendant’s name {{defendantName}}?","Is the defendant’s name {{defendantName}}?","TRUE","2","defendantNameConfirmation.json::nameConfirmationLabel ; defendantNameConfirmation.json::nameConfirmationLabel"
"src/main/assets/locales/cy/respondToClaim/legalrep/defendantNameConfirmation.json","firstNameLabel","cyDefendant’s first name","Defendant’s first name","TRUE","2","defendantNameConfirmation.json::firstNameLabel ; defendantNameConfirmation.json::firstNameLabel"
"src/main/assets/locales/cy/respondToClaim/legalrep/defendantNameConfirmation.json","lastNameLabel","cyDefendant’s last name","Defendant’s last name","TRUE","2","defendantNameConfirmation.json::lastNameLabel ; defendantNameConfirmation.json::lastNameLabel"
"src/main/assets/locales/cy/respondToClaim/legalrep/defendantNameConfirmation.json","nameConfirmationHint","cyThis is the name provided by {{organisationName}}","This is the name provided by {{organisationName}}","TRUE","2","defendantNameConfirmation.json::nameConfirmationHint ; defendantNameConfirmation.json::nameConfirmationHint"
"src/main/assets/locales/cy/respondToClaim/legalrep/defendantNameConfirmation.json","yesOption","cyYes","Yes","TRUE","7","counterClaim.json::options.yes ; defendantNameConfirmation.json::yesOption ; correspondenceAddress.json::labels.yes ; defendantNameConfirmation.json::yesOption ; emailConfirmation.json::options.yes ; nonRentArrearsDispute.json::disputeOtherPartsOptions.yes ; checkYourAnswersYourResponse.json::options.yes"
"src/main/assets/locales/cy/respondToClaim/legalrep/defendantNameConfirmation.json","noOption","cyNo","No","TRUE","7","counterClaim.json::options.no ; defendantNameConfirmation.json::noOption ; correspondenceAddress.json::labels.no ; defendantNameConfirmation.json::noOption ; emailConfirmation.json::options.noOption ; nonRentArrearsDispute.json::disputeOtherPartsOptions.no ; checkYourAnswersYourResponse.json::options.no"
"src/main/assets/locales/cy/respondToClaim/legalrep/defendantNameConfirmation.json","errors.nameConfirmation","cyYou must say if the defendant’s name is {{defendantName}}","You must say if the defendant’s name is {{defendantName}}","TRUE","2","defendantNameConfirmation.json::errors.nameConfirmation ; defendantNameConfirmation.json::errors.nameConfirmation"
"src/main/assets/locales/cy/respondToClaim/legalrep/defendantNameConfirmation.json","errors.firstName","cyEnter the defendant’s first name","Enter the defendant’s first name","TRUE","2","defendantNameConfirmation.json::errors.firstName ; defendantNameConfirmation.json::errors.firstName"
"src/main/assets/locales/cy/respondToClaim/legalrep/defendantNameConfirmation.json","errors.lastName","cyEnter the defendant’s last name","Enter the defendant’s last name","TRUE","2","defendantNameConfirmation.json::errors.lastName ; defendantNameConfirmation.json::errors.lastName"
"src/main/assets/locales/cy/respondToClaim/legalrep/correspondenceAddress.json","legend","cyIs the defendant’s postal address {{ formattedAddressStr }}","Is the defendant’s postal address {{ formattedAddressStr }}","TRUE","2","correspondenceAddress.json::legend ; correspondenceAddress.json::legend"
"src/main/assets/locales/cy/respondToClaim/legalrep/correspondenceAddress.json","legend.hint","cyThis is the address provided by {{claimantName}}","This is the address provided by {{claimantName}}","FALSE","1","correspondenceAddress.json::legend.hint"
"src/main/assets/locales/cy/respondToClaim/legalrep/correspondenceAddress.json","labels.yes","cyYes","Yes","TRUE","7","counterClaim.json::options.yes ; defendantNameConfirmation.json::yesOption ; correspondenceAddress.json::labels.yes ; defendantNameConfirmation.json::yesOption ; emailConfirmation.json::options.yes ; nonRentArrearsDispute.json::disputeOtherPartsOptions.yes ; checkYourAnswersYourResponse.json::options.yes"
"src/main/assets/locales/cy/respondToClaim/legalrep/correspondenceAddress.json","labels.no","cyNo","No","TRUE","7","counterClaim.json::options.no ; defendantNameConfirmation.json::noOption ; correspondenceAddress.json::labels.no ; defendantNameConfirmation.json::noOption ; emailConfirmation.json::options.noOption ; nonRentArrearsDispute.json::disputeOtherPartsOptions.no ; checkYourAnswersYourResponse.json::options.no"
"src/main/assets/locales/cy/respondToClaim/legalrep/correspondenceAddress.json","labels.enterAddress","cyEnter postal address","Enter postal address","FALSE","1","correspondenceAddress.json::labels.enterAddress"
"src/main/assets/locales/cy/respondToClaim/legalrep/correspondenceAddress.json","labels.enterPostcode","cyEnter a UK postcode","Enter a UK postcode","FALSE","1","correspondenceAddress.json::labels.enterPostcode"
"src/main/assets/locales/cy/respondToClaim/legalrep/correspondenceAddress.json","labels.enterManually","cyEnter an address manually","Enter an address manually","FALSE","1","correspondenceAddress.json::labels.enterManually"
"src/main/assets/locales/cy/respondToClaim/legalrep/correspondenceAddress.json","labels.enterManuallySubText","cyYou can enter the defendant’s address details in the fields below.","You can enter the defendant’s address details in the fields below.","TRUE","2","correspondenceAddress.json::labels.enterManuallySubText ; correspondenceAddress.json::labels.enterManuallySubText"
"src/main/assets/locales/cy/respondToClaim/legalrep/correspondenceAddress.json","labels.selectAddress","cySelect an address","Select an address","TRUE","2","correspondenceAddress.json::labels.selectAddress ; correspondenceAddress.json::labels.selectAddressLabel"
"src/main/assets/locales/cy/respondToClaim/legalrep/correspondenceAddress.json","labels.selectAddressLabel","cySelect an address","Select an address","TRUE","2","correspondenceAddress.json::labels.selectAddress ; correspondenceAddress.json::labels.selectAddressLabel"
"src/main/assets/locales/cy/respondToClaim/legalrep/correspondenceAddress.json","labels.addressHeading","cyWhat’s the defendant’s postal address?","What’s the defendant’s postal address?","TRUE","2","correspondenceAddress.json::labels.addressHeading ; correspondenceAddress.json::labels.addressHeading"
"src/main/assets/locales/cy/respondToClaim/legalrep/correspondenceAddress.json","labels.addressLine1","cyAddress line 1","Address line 1","FALSE","1","correspondenceAddress.json::labels.addressLine1"
"src/main/assets/locales/cy/respondToClaim/legalrep/correspondenceAddress.json","labels.addressLine2","cyAddress line 2 (optional)","Address line 2 (optional)","FALSE","1","correspondenceAddress.json::labels.addressLine2"
"src/main/assets/locales/cy/respondToClaim/legalrep/correspondenceAddress.json","labels.townOrCity","cyTown or city","Town or city","FALSE","1","correspondenceAddress.json::labels.townOrCity"
"src/main/assets/locales/cy/respondToClaim/legalrep/correspondenceAddress.json","labels.county","cyCounty (optional)","County (optional)","FALSE","1","correspondenceAddress.json::labels.county"
"src/main/assets/locales/cy/respondToClaim/legalrep/correspondenceAddress.json","labels.postcode","cyPostcode","Postcode","FALSE","1","correspondenceAddress.json::labels.postcode"
"src/main/assets/locales/cy/respondToClaim/legalrep/correspondenceAddress.json","buttons.findAddress","cyFind address","Find address","FALSE","1","correspondenceAddress.json::buttons.findAddress"
"src/main/assets/locales/cy/respondToClaim/legalrep/correspondenceAddress.json","buttons.saveAndContinue","cySave and continue","Save and continue","FALSE","1","correspondenceAddress.json::buttons.saveAndContinue"
"src/main/assets/locales/cy/respondToClaim/legalrep/correspondenceAddress.json","buttons.saveForLater","cySave for later","Save for later","FALSE","1","correspondenceAddress.json::buttons.saveForLater"
"src/main/assets/locales/cy/respondToClaim/legalrep/correspondenceAddress.json","errors.lookupPostcode","cyEnter a valid UK postcode","Enter a valid UK postcode","TRUE","2","correspondenceAddress.json::errors.lookupPostcode ; correspondenceAddress.json::errors.correspondenceAddressConfirm.postcode"
"src/main/assets/locales/cy/respondToClaim/legalrep/correspondenceAddress.json","errors.postcodeNotFound","cyPostcode not found. Please check and try again.","Postcode not found. Please check and try again.","FALSE","1","correspondenceAddress.json::errors.postcodeNotFound"
"src/main/assets/locales/cy/respondToClaim/legalrep/correspondenceAddress.json","errors.selectAddress","cyPlease select an address","Please select an address","FALSE","1","correspondenceAddress.json::errors.selectAddress"
"src/main/assets/locales/cy/respondToClaim/legalrep/correspondenceAddress.json","errors.correspondenceAddressConfirm","cyPlease confirm the defendant’s address by selecting the options below","Please confirm the defendant’s address by selecting the options below","TRUE","2","correspondenceAddress.json::errors.correspondenceAddressConfirm ; correspondenceAddress.json::errors.correspondenceAddressConfirm"
"src/main/assets/locales/cy/respondToClaim/legalrep/correspondenceAddress.json","errors.correspondenceAddressConfirm.addressLine1","cyEnter address line 1, typically the building and street","Enter address line 1, typically the building and street","FALSE","1","correspondenceAddress.json::errors.correspondenceAddressConfirm.addressLine1"
"src/main/assets/locales/cy/respondToClaim/legalrep/correspondenceAddress.json","errors.correspondenceAddressConfirm.townOrCity","cyEnter town or city","Enter town or city","FALSE","1","correspondenceAddress.json::errors.correspondenceAddressConfirm.townOrCity"
"src/main/assets/locales/cy/respondToClaim/legalrep/correspondenceAddress.json","errors.correspondenceAddressConfirm.postcode","cyEnter a valid UK postcode","Enter a valid UK postcode","TRUE","2","correspondenceAddress.json::errors.lookupPostcode ; correspondenceAddress.json::errors.correspondenceAddressConfirm.postcode"
"src/main/assets/locales/cy/respondToClaim/legalrep/defendantDateOfBirth.json","pageTitle","cyDefendant’s date of birth","Defendant’s date of birth","TRUE","2","defendantDateOfBirth.json::pageTitle ; defendantDateOfBirth.json::pageTitle"
"src/main/assets/locales/cy/respondToClaim/legalrep/defendantDateOfBirth.json","dateOfBirthHint","cyFor example, 31 3 1980","For example, 31 3 1980","TRUE","2","defendantDateOfBirth.json::dateOfBirthHint ; defendantDateOfBirth.json::dateOfBirthHint"
"src/main/assets/locales/cy/respondToClaim/legalrep/defendantDateOfBirth.json","dateOfBirthLabel","cyDefendant date of birth","Defendant date of birth","FALSE","1","defendantDateOfBirth.json::dateOfBirthLabel"
"src/main/assets/locales/cy/respondToClaim/legalrep/defendantDateOfBirth.json","errors.date.day","cyDay","Day","TRUE","2","defendantDateOfBirth.json::errors.date.day ; defendantDateOfBirth.json::errors.date.day"
"src/main/assets/locales/cy/respondToClaim/legalrep/defendantDateOfBirth.json","errors.date.month","cyMonth","Month","TRUE","2","defendantDateOfBirth.json::errors.date.month ; defendantDateOfBirth.json::errors.date.month"
"src/main/assets/locales/cy/respondToClaim/legalrep/defendantDateOfBirth.json","errors.date.year","cyYear","Year","TRUE","2","defendantDateOfBirth.json::errors.date.year ; defendantDateOfBirth.json::errors.date.year"
"src/main/assets/locales/cy/respondToClaim/legalrep/defendantDateOfBirth.json","errors.date.required","cyEnter the defendant’s date of birth","Enter the defendant’s date of birth","TRUE","2","defendantDateOfBirth.json::errors.date.required ; defendantDateOfBirth.json::errors.date.required"
"src/main/assets/locales/cy/respondToClaim/legalrep/defendantDateOfBirth.json","errors.date.notRealDate","cyDate of birth must be a real date","Date of birth must be a real date","TRUE","3","defendantDateOfBirth.json::errors.date.notRealDate ; defendantDateOfBirth.json::errors.date.invalidValue ; defendantDateOfBirth.json::errors.date.notRealDate"
"src/main/assets/locales/cy/respondToClaim/legalrep/defendantDateOfBirth.json","errors.date.futureDate","cyDate of birth must be in the past","Date of birth must be in the past","TRUE","2","defendantDateOfBirth.json::errors.date.futureDate ; defendantDateOfBirth.json::errors.date.futureDate"
"src/main/assets/locales/cy/respondToClaim/legalrep/defendantDateOfBirth.json","errors.date.missingOne","cyThe defendant’s date of birth must include a {{missingField}}","The defendant’s date of birth must include a {{missingField}}","TRUE","2","defendantDateOfBirth.json::errors.date.missingOne ; defendantDateOfBirth.json::errors.date.missingOne"
"src/main/assets/locales/cy/respondToClaim/legalrep/defendantDateOfBirth.json","errors.date.missingTwo","cyThe defendant’s date of birth must include a {{first}} and {{second}}","The defendant’s date of birth must include a {{first}} and {{second}}","TRUE","2","defendantDateOfBirth.json::errors.date.missingTwo ; defendantDateOfBirth.json::errors.date.missingTwo"
"src/main/assets/locales/cy/respondToClaim/legalrep/defendantNameConfirmation.json","nameConfirmationLabel","cyIs the defendant’s name {{defendantName}}?","Is the defendant’s name {{defendantName}}?","TRUE","2","defendantNameConfirmation.json::nameConfirmationLabel ; defendantNameConfirmation.json::nameConfirmationLabel"
"src/main/assets/locales/cy/respondToClaim/legalrep/defendantNameConfirmation.json","firstNameLabel","cyDefendant’s first name","Defendant’s first name","TRUE","2","defendantNameConfirmation.json::firstNameLabel ; defendantNameConfirmation.json::firstNameLabel"
"src/main/assets/locales/cy/respondToClaim/legalrep/defendantNameConfirmation.json","lastNameLabel","cyDefendant’s last name","Defendant’s last name","TRUE","2","defendantNameConfirmation.json::lastNameLabel ; defendantNameConfirmation.json::lastNameLabel"
"src/main/assets/locales/cy/respondToClaim/legalrep/defendantNameConfirmation.json","nameConfirmationHint","cyThis is the name provided by {{organisationName}}","This is the name provided by {{organisationName}}","TRUE","2","defendantNameConfirmation.json::nameConfirmationHint ; defendantNameConfirmation.json::nameConfirmationHint"
"src/main/assets/locales/cy/respondToClaim/legalrep/defendantNameConfirmation.json","yesOption","cyYes","Yes","TRUE","7","counterClaim.json::options.yes ; defendantNameConfirmation.json::yesOption ; correspondenceAddress.json::labels.yes ; defendantNameConfirmation.json::yesOption ; emailConfirmation.json::options.yes ; nonRentArrearsDispute.json::disputeOtherPartsOptions.yes ; checkYourAnswersYourResponse.json::options.yes"
"src/main/assets/locales/cy/respondToClaim/legalrep/defendantNameConfirmation.json","noOption","cyNo","No","TRUE","7","counterClaim.json::options.no ; defendantNameConfirmation.json::noOption ; correspondenceAddress.json::labels.no ; defendantNameConfirmation.json::noOption ; emailConfirmation.json::options.noOption ; nonRentArrearsDispute.json::disputeOtherPartsOptions.no ; checkYourAnswersYourResponse.json::options.no"
"src/main/assets/locales/cy/respondToClaim/legalrep/defendantNameConfirmation.json","errors.nameConfirmation","cyYou must say if the defendant’s name is {{defendantName}}","You must say if the defendant’s name is {{defendantName}}","TRUE","2","defendantNameConfirmation.json::errors.nameConfirmation ; defendantNameConfirmation.json::errors.nameConfirmation"
"src/main/assets/locales/cy/respondToClaim/legalrep/defendantNameConfirmation.json","errors.firstName","cyEnter the defendant’s first name","Enter the defendant’s first name","TRUE","2","defendantNameConfirmation.json::errors.firstName ; defendantNameConfirmation.json::errors.firstName"
"src/main/assets/locales/cy/respondToClaim/legalrep/defendantNameConfirmation.json","errors.lastName","cyEnter the defendant’s last name","Enter the defendant’s last name","TRUE","2","defendantNameConfirmation.json::errors.lastName ; defendantNameConfirmation.json::errors.lastName"
"src/main/assets/locales/cy/respondToClaim/legalrep/doAnyOtherAdultsLiveInYourHome.json","heading","cyOther adults","Other adults","FALSE","1","doAnyOtherAdultsLiveInYourHome.json::heading"
"src/main/assets/locales/cy/respondToClaim/legalrep/doAnyOtherAdultsLiveInYourHome.json","dependantQuestion","cyDo any other adults live in the defendant’s home?","Do any other adults live in the defendant’s home?","TRUE","3","doAnyOtherAdultsLiveInYourHome.json::dependantQuestion ; doAnyOtherAdultsLiveInYourHome.json::dependantQuestion ; checkYourAnswersYourCircumstances.json::rows.otherTenants.label"
"src/main/assets/locales/cy/respondToClaim/legalrep/doAnyOtherAdultsLiveInYourHome.json","textAreaLabel","cyGive details about the other adults living in the defendant’s home","Give details about the other adults living in the defendant’s home","TRUE","3","doAnyOtherAdultsLiveInYourHome.json::textAreaLabel ; doAnyOtherAdultsLiveInYourHome.json::textAreaLabel ; checkYourAnswersYourCircumstances.json::rows.otherTenantsDetails.label"
"src/main/assets/locales/cy/respondToClaim/legalrep/doAnyOtherAdultsLiveInYourHome.json","dependantQuestion","cyDo any other adults live in the defendant’s home?","Do any other adults live in the defendant’s home?","TRUE","3","doAnyOtherAdultsLiveInYourHome.json::dependantQuestion ; doAnyOtherAdultsLiveInYourHome.json::dependantQuestion ; checkYourAnswersYourCircumstances.json::rows.otherTenants.label"
"src/main/assets/locales/cy/respondToClaim/legalrep/doAnyOtherAdultsLiveInYourHome.json","textAreaLabel","cyGive details about the other adults living in the defendant’s home","Give details about the other adults living in the defendant’s home","TRUE","3","doAnyOtherAdultsLiveInYourHome.json::textAreaLabel ; doAnyOtherAdultsLiveInYourHome.json::textAreaLabel ; checkYourAnswersYourCircumstances.json::rows.otherTenantsDetails.label"
"src/main/assets/locales/cy/respondToClaim/legalrep/doAnyOtherAdultsLiveInYourHome.json","errors.confirmOtherAdults","cySelect if any other adults live in the defendant's home","Select if any other adults live in the defendant's home","TRUE","2","doAnyOtherAdultsLiveInYourHome.json::errors.confirmOtherAdults ; doAnyOtherAdultsLiveInYourHome.json::errors.confirmOtherAdults"
"src/main/assets/locales/cy/respondToClaim/legalrep/doAnyOtherAdultsLiveInYourHome.json","errors.confirmOtherAdults","cySelect if any other adults live in the defendant’s home","Select if any other adults live in the defendant’s home","TRUE","2","doAnyOtherAdultsLiveInYourHome.json::errors.confirmOtherAdults ; doAnyOtherAdultsLiveInYourHome.json::errors.confirmOtherAdults"
"src/main/assets/locales/cy/respondToClaim/legalrep/doAnyOtherAdultsLiveInYourHome.json","errors.otherAdultsDetails","cyGive details about the other adults living in their home","Give details about the other adults living in their home","FALSE","1","doAnyOtherAdultsLiveInYourHome.json::errors.otherAdultsDetails"
"src/main/assets/locales/cy/respondToClaim/legalrep/doAnyOtherAdultsLiveInYourHome.json","errors.otherAdultsDetailsInvalidCharacters","cyGive details about the other adults living in their home must only include letters a to z, and special characters such as hyphens, spaces and apostrophes","Give details about the other adults living in their home must only include letters a to z, and special characters such as hyphens, spaces and apostrophes","FALSE","1","doAnyOtherAdultsLiveInYourHome.json::errors.otherAdultsDetailsInvalidCharacters"
"src/main/assets/locales/cy/respondToClaim/legalrep/emailConfirmation.json","pageTitle","cyDefendent’s email address","Defendent’s email address","TRUE","2","emailConfirmation.json::pageTitle ; emailConfirmation.json::heading"
"src/main/assets/locales/cy/respondToClaim/legalrep/emailConfirmation.json","heading","cyDefendent’s email address","Defendent’s email address","TRUE","2","emailConfirmation.json::pageTitle ; emailConfirmation.json::heading"
"src/main/assets/locales/cy/respondToClaim/legalrep/emailConfirmation.json","emailConfirmationLabel","cyDo you know the defendent’s email address?","Do you know the defendent’s email address?","FALSE","1","emailConfirmation.json::emailConfirmationLabel"
"src/main/assets/locales/cy/respondToClaim/legalrep/emailConfirmation.json","options.yes","cyYes","Yes","TRUE","7","counterClaim.json::options.yes ; defendantNameConfirmation.json::yesOption ; correspondenceAddress.json::labels.yes ; defendantNameConfirmation.json::yesOption ; emailConfirmation.json::options.yes ; nonRentArrearsDispute.json::disputeOtherPartsOptions.yes ; checkYourAnswersYourResponse.json::options.yes"
"src/main/assets/locales/cy/respondToClaim/legalrep/emailConfirmation.json","options.noOption","cyNo","No","TRUE","7","counterClaim.json::options.no ; defendantNameConfirmation.json::noOption ; correspondenceAddress.json::labels.no ; defendantNameConfirmation.json::noOption ; emailConfirmation.json::options.noOption ; nonRentArrearsDispute.json::disputeOtherPartsOptions.no ; checkYourAnswersYourResponse.json::options.no"
"src/main/assets/locales/cy/respondToClaim/legalrep/emailConfirmation.json","emailLabel","cyEnter the defendent’s email address","Enter the defendent’s email address","TRUE","2","emailConfirmation.json::emailLabel ; emailConfirmation.json::errors.emailAddress.required"
"src/main/assets/locales/cy/respondToClaim/legalrep/emailConfirmation.json","errors.emailConfirmation","cySelect if you know the defendant’s email address","Select if you know the defendant’s email address","FALSE","1","emailConfirmation.json::errors.emailConfirmation"
"src/main/assets/locales/cy/respondToClaim/legalrep/emailConfirmation.json","errors.emailAddress.required","cyEnter the defendent’s email address","Enter the defendent’s email address","TRUE","2","emailConfirmation.json::emailLabel ; emailConfirmation.json::errors.emailAddress.required"
"src/main/assets/locales/cy/respondToClaim/legalrep/emailConfirmation.json","errors.emailAddress.invalid","cyEnter an email address in the correct format, like name@example.com","Enter an email address in the correct format, like name@example.com","FALSE","1","emailConfirmation.json::errors.emailAddress.invalid"
"src/main/assets/locales/cy/respondToClaim/legalrep/nonRentArrearsDispute.json","pageTitle","cyDisputing the claim","Disputing the claim","FALSE","1","nonRentArrearsDispute.json::pageTitle"
"src/main/assets/locales/cy/respondToClaim/legalrep/nonRentArrearsDispute.json","heading","cy{{claimantName}}’s claim","{{claimantName}}’s claim","TRUE","2","nonRentArrearsDispute.json::heading ; nonRentArrearsDispute.json::heading"
"src/main/assets/locales/cy/respondToClaim/legalrep/nonRentArrearsDispute.json","heading","cy{{claimantName}}’s claim","{{claimantName}}’s claim","TRUE","2","nonRentArrearsDispute.json::heading ; nonRentArrearsDispute.json::heading"
"src/main/assets/locales/cy/respondToClaim/legalrep/nonRentArrearsDispute.json","disputeOtherPartsQuestion","cyDoes the defendant dispute any other parts of the claim?","Does the defendant dispute any other parts of the claim?","TRUE","2","nonRentArrearsDispute.json::disputeOtherPartsQuestion ; checkYourAnswersYourResponse.json::rows.disputeClaim.label"
"src/main/assets/locales/cy/respondToClaim/legalrep/nonRentArrearsDispute.json","disputeDetails.label","cyExplain which parts of the claim the defendant does not agree with","Explain which parts of the claim the defendant does not agree with","FALSE","1","nonRentArrearsDispute.json::disputeDetails.label"
"src/main/assets/locales/cy/respondToClaim/legalrep/nonRentArrearsDispute.json","disputeOtherPartsOptions.yes","cyYes","Yes","TRUE","7","counterClaim.json::options.yes ; defendantNameConfirmation.json::yesOption ; correspondenceAddress.json::labels.yes ; defendantNameConfirmation.json::yesOption ; emailConfirmation.json::options.yes ; nonRentArrearsDispute.json::disputeOtherPartsOptions.yes ; checkYourAnswersYourResponse.json::options.yes"
"src/main/assets/locales/cy/respondToClaim/legalrep/nonRentArrearsDispute.json","disputeOtherPartsOptions.no","cyNo","No","TRUE","7","counterClaim.json::options.no ; defendantNameConfirmation.json::noOption ; correspondenceAddress.json::labels.no ; defendantNameConfirmation.json::noOption ; emailConfirmation.json::options.noOption ; nonRentArrearsDispute.json::disputeOtherPartsOptions.no ; checkYourAnswersYourResponse.json::options.no"
"src/main/assets/locales/cy/respondToClaim/legalrep/nonRentArrearsDispute.json","errors.disputeOtherParts","cySelect if the defendant wants to dispute any other parts of the claim","Select if the defendant wants to dispute any other parts of the claim","FALSE","1","nonRentArrearsDispute.json::errors.disputeOtherParts"
"src/main/assets/locales/cy/respondToClaim/legalrep/nonRentArrearsDispute.json","errors.disputeDetails.required","cyEnter the parts of the claim the defendant disputes","Enter the parts of the claim the defendant disputes","FALSE","1","nonRentArrearsDispute.json::errors.disputeDetails.required"
"src/main/assets/locales/cy/respondToClaim/legalrep/nonRentArrearsDispute.json","errors.disputeDetailsMaxLength","cyExplanation must be 6500 characters or less","Explanation must be 6500 characters or less","FALSE","1","nonRentArrearsDispute.json::errors.disputeDetailsMaxLength"
"src/main/assets/locales/cy/respondToClaim/legalrep/checkYourAnswersIncomeAndExpenses.json","pageTitle","cy Check your answers","Check your answers","TRUE","9","checkYourAnswersIncomeAndExpenses.json::pageTitle ; checkYourAnswersPaymentsAndAgreements.json::pageTitle ; checkYourAnswersPersonalDetails.json::pageTitle ; checkYourAnswersYourCircumstances.json::pageTitle ; checkYourAnswersYourResponse.json::pageTitle ; endOfJourneyCya.json::pageTitle ; endOfJourneyCya.json::heading ; respondToClaim/endOfJourneyCya.json::pageTitle ; respondToClaim/endOfJourneyCya.json::heading"
"src/main/assets/locales/cy/respondToClaim/legalrep/checkYourAnswersIncomeAndExpenses.json","cardTitle","cy Income and expenses","Income and expenses","TRUE","3","checkYourAnswersIncomeAndExpenses.json::cardTitle ; endOfJourneyCya.json::sections.incomeAndExpenses ; respondToClaim/endOfJourneyCya.json::sections.incomeAndExpenses"
"src/main/assets/locales/cy/respondToClaim/legalrep/checkYourAnswersIncomeAndExpenses.json","frequencies.WEEKLY","cy every week","every week","FALSE","1","checkYourAnswersIncomeAndExpenses.json::frequencies.WEEKLY"
"src/main/assets/locales/cy/respondToClaim/legalrep/checkYourAnswersIncomeAndExpenses.json","frequencies.MONTHLY","cy every month","every month","FALSE","1","checkYourAnswersIncomeAndExpenses.json::frequencies.MONTHLY"
"src/main/assets/locales/cy/respondToClaim/legalrep/checkYourAnswersIncomeAndExpenses.json","incomeFrequencies.WEEKLY","cy received every week","received every week","FALSE","1","checkYourAnswersIncomeAndExpenses.json::incomeFrequencies.WEEKLY"
"src/main/assets/locales/cy/respondToClaim/legalrep/checkYourAnswersIncomeAndExpenses.json","incomeFrequencies.MONTHLY","cy received every month","received every month","FALSE","1","checkYourAnswersIncomeAndExpenses.json::incomeFrequencies.MONTHLY"
"src/main/assets/locales/cy/respondToClaim/legalrep/checkYourAnswersIncomeAndExpenses.json","paymentFrequencies.WEEKLY","cy paid every week","paid every week","FALSE","1","checkYourAnswersIncomeAndExpenses.json::paymentFrequencies.WEEKLY"
"src/main/assets/locales/cy/respondToClaim/legalrep/checkYourAnswersIncomeAndExpenses.json","paymentFrequencies.MONTHLY","cy paid every month","paid every month","FALSE","1","checkYourAnswersIncomeAndExpenses.json::paymentFrequencies.MONTHLY"
"src/main/assets/locales/cy/respondToClaim/legalrep/checkYourAnswersIncomeAndExpenses.json","rows.shareIncomeExpenseDetails.label","cy Does the defendant want to provide details of their income and expenses?","Does the defendant want to provide details of their income and expenses?","FALSE","1","checkYourAnswersIncomeAndExpenses.json::rows.shareIncomeExpenseDetails.label"
"src/main/assets/locales/cy/respondToClaim/legalrep/checkYourAnswersIncomeAndExpenses.json","rows.shareIncomeExpenseDetails.changeHidden","cy share income and expense details","share income and expense details","FALSE","1","checkYourAnswersIncomeAndExpenses.json::rows.shareIncomeExpenseDetails.changeHidden"
"src/main/assets/locales/cy/respondToClaim/legalrep/checkYourAnswersIncomeAndExpenses.json","rows.regularIncome.label","cy What regular income does the defendant receive?","What regular income does the defendant receive?","FALSE","1","checkYourAnswersIncomeAndExpenses.json::rows.regularIncome.label"
"src/main/assets/locales/cy/respondToClaim/legalrep/checkYourAnswersIncomeAndExpenses.json","rows.regularIncome.changeHidden","cy regular income","regular income","TRUE","3","checkYourAnswersIncomeAndExpenses.json::rows.regularIncome.changeHidden ; endOfJourneyCya.json::sections.regularIncome ; respondToClaim/endOfJourneyCya.json::sections.regularIncome"
"src/main/assets/locales/cy/respondToClaim/legalrep/checkYourAnswersIncomeAndExpenses.json","rows.regularIncome.options.incomeFromJobs","cy Income from all jobs they do","Income from all jobs they do","FALSE","1","checkYourAnswersIncomeAndExpenses.json::rows.regularIncome.options.incomeFromJobs"
"src/main/assets/locales/cy/respondToClaim/legalrep/checkYourAnswersIncomeAndExpenses.json","rows.regularIncome.options.pension","cy Pension – state and private","Pension – state and private","FALSE","1","checkYourAnswersIncomeAndExpenses.json::rows.regularIncome.options.pension"
"src/main/assets/locales/cy/respondToClaim/legalrep/checkYourAnswersIncomeAndExpenses.json","rows.regularIncome.options.universalCredit","cy Universal Credit","Universal Credit","TRUE","3","checkYourAnswersIncomeAndExpenses.json::rows.regularIncome.options.universalCredit ; endOfJourneyCya.json::sections.universalCredit ; respondToClaim/endOfJourneyCya.json::sections.universalCredit"
"src/main/assets/locales/cy/respondToClaim/legalrep/checkYourAnswersIncomeAndExpenses.json","rows.regularIncome.options.otherBenefits","cy Other benefits and credits","Other benefits and credits","FALSE","1","checkYourAnswersIncomeAndExpenses.json::rows.regularIncome.options.otherBenefits"
"src/main/assets/locales/cy/respondToClaim/legalrep/checkYourAnswersIncomeAndExpenses.json","rows.regularIncome.options.moneyFromElsewhere","cy Money from somewhere else (for example, child maintenance payments or someone in the defendant’s household gives them money)","Money from somewhere else (for example, child maintenance payments or someone in the defendant’s household gives them money)","FALSE","1","checkYourAnswersIncomeAndExpenses.json::rows.regularIncome.options.moneyFromElsewhere"
"src/main/assets/locales/cy/respondToClaim/legalrep/checkYourAnswersIncomeAndExpenses.json","rows.hasAppliedForUniversalCredit.label","cy Has the defendant applied for Universal Credit?","Has the defendant applied for Universal Credit?","FALSE","1","checkYourAnswersIncomeAndExpenses.json::rows.hasAppliedForUniversalCredit.label"
"src/main/assets/locales/cy/respondToClaim/legalrep/checkYourAnswersIncomeAndExpenses.json","rows.hasAppliedForUniversalCredit.changeHidden","cy applied for Universal Credit","applied for Universal Credit","FALSE","1","checkYourAnswersIncomeAndExpenses.json::rows.hasAppliedForUniversalCredit.changeHidden"
"src/main/assets/locales/cy/respondToClaim/legalrep/checkYourAnswersIncomeAndExpenses.json","rows.universalCreditApplicationDate.label","cy When did the defendant apply?","When did the defendant apply?","FALSE","1","checkYourAnswersIncomeAndExpenses.json::rows.universalCreditApplicationDate.label"
"src/main/assets/locales/cy/respondToClaim/legalrep/checkYourAnswersIncomeAndExpenses.json","rows.universalCreditApplicationDate.changeHidden","cy Universal Credit application date","Universal Credit application date","FALSE","1","checkYourAnswersIncomeAndExpenses.json::rows.universalCreditApplicationDate.changeHidden"
"src/main/assets/locales/cy/respondToClaim/legalrep/checkYourAnswersIncomeAndExpenses.json","rows.priorityDebts.label","cy Does the defendant have any priority debts?","Does the defendant have any priority debts?","FALSE","1","checkYourAnswersIncomeAndExpenses.json::rows.priorityDebts.label"
"src/main/assets/locales/cy/respondToClaim/legalrep/checkYourAnswersIncomeAndExpenses.json","rows.priorityDebts.changeHidden","cy priority debts","priority debts","TRUE","3","checkYourAnswersIncomeAndExpenses.json::rows.priorityDebts.changeHidden ; endOfJourneyCya.json::sections.priorityDebts ; respondToClaim/endOfJourneyCya.json::sections.priorityDebts"
"src/main/assets/locales/cy/respondToClaim/legalrep/checkYourAnswersIncomeAndExpenses.json","rows.priorityDebtTotal.label","cy What is the total amount the defendant owes for all their priority debts?","What is the total amount the defendant owes for all their priority debts?","FALSE","1","checkYourAnswersIncomeAndExpenses.json::rows.priorityDebtTotal.label"
"src/main/assets/locales/cy/respondToClaim/legalrep/checkYourAnswersIncomeAndExpenses.json","rows.priorityDebtTotal.changeHidden","cy priority debt total","priority debt total","FALSE","1","checkYourAnswersIncomeAndExpenses.json::rows.priorityDebtTotal.changeHidden"
"src/main/assets/locales/cy/respondToClaim/legalrep/checkYourAnswersIncomeAndExpenses.json","rows.priorityDebtContribution.label","cy How much does the defendant pay towards their priority debts each week or month?","How much does the defendant pay towards their priority debts each week or month?","FALSE","1","checkYourAnswersIncomeAndExpenses.json::rows.priorityDebtContribution.label"
"src/main/assets/locales/cy/respondToClaim/legalrep/checkYourAnswersIncomeAndExpenses.json","rows.priorityDebtContribution.changeHidden","cy priority debt contribution","priority debt contribution","FALSE","1","checkYourAnswersIncomeAndExpenses.json::rows.priorityDebtContribution.changeHidden"
"src/main/assets/locales/cy/respondToClaim/legalrep/checkYourAnswersIncomeAndExpenses.json","rows.regularExpenses.label","cy What regular monthly expenses does the defendant have?","What regular monthly expenses does the defendant have?","FALSE","1","checkYourAnswersIncomeAndExpenses.json::rows.regularExpenses.label"
"src/main/assets/locales/cy/respondToClaim/legalrep/checkYourAnswersIncomeAndExpenses.json","rows.regularExpenses.changeHidden","cy regular expenses","regular expenses","TRUE","3","checkYourAnswersIncomeAndExpenses.json::rows.regularExpenses.changeHidden ; endOfJourneyCya.json::sections.regularExpenses ; respondToClaim/endOfJourneyCya.json::sections.regularExpenses"
"src/main/assets/locales/cy/respondToClaim/legalrep/checkYourAnswersIncomeAndExpenses.json","rows.regularExpenses.options.householdBills","cy Household bills (for example, council tax, gas, electricity, water, internet)","Household bills (for example, council tax, gas, electricity, water, internet)","FALSE","1","checkYourAnswersIncomeAndExpenses.json::rows.regularExpenses.options.householdBills"
"src/main/assets/locales/cy/respondToClaim/legalrep/checkYourAnswersIncomeAndExpenses.json","rows.regularExpenses.options.loanPayments","cy Loan payments","Loan payments","FALSE","1","checkYourAnswersIncomeAndExpenses.json::rows.regularExpenses.options.loanPayments"
"src/main/assets/locales/cy/respondToClaim/legalrep/checkYourAnswersIncomeAndExpenses.json","rows.regularExpenses.options.childSpousalMaintenance","cy Child or spousal maintenance","Child or spousal maintenance","FALSE","1","checkYourAnswersIncomeAndExpenses.json::rows.regularExpenses.options.childSpousalMaintenance"
"src/main/assets/locales/cy/respondToClaim/legalrep/checkYourAnswersIncomeAndExpenses.json","rows.regularExpenses.options.mobilePhone","cy Mobile phone","Mobile phone","FALSE","1","checkYourAnswersIncomeAndExpenses.json::rows.regularExpenses.options.mobilePhone"
"src/main/assets/locales/cy/respondToClaim/legalrep/checkYourAnswersIncomeAndExpenses.json","rows.regularExpenses.options.groceryShopping","cy Grocery shopping","Grocery shopping","FALSE","1","checkYourAnswersIncomeAndExpenses.json::rows.regularExpenses.options.groceryShopping"
"src/main/assets/locales/cy/respondToClaim/legalrep/checkYourAnswersIncomeAndExpenses.json","rows.regularExpenses.options.fuelParkingTransport","cy Fuel, parking and transport","Fuel, parking and transport","FALSE","1","checkYourAnswersIncomeAndExpenses.json::rows.regularExpenses.options.fuelParkingTransport"
"src/main/assets/locales/cy/respondToClaim/legalrep/checkYourAnswersIncomeAndExpenses.json","rows.regularExpenses.options.schoolCosts","cy School costs (for example, uniform and school dinners)","School costs (for example, uniform and school dinners)","FALSE","1","checkYourAnswersIncomeAndExpenses.json::rows.regularExpenses.options.schoolCosts"
"src/main/assets/locales/cy/respondToClaim/legalrep/checkYourAnswersIncomeAndExpenses.json","rows.regularExpenses.options.clothing","cy Clothing","Clothing","FALSE","1","checkYourAnswersIncomeAndExpenses.json::rows.regularExpenses.options.clothing"
"src/main/assets/locales/cy/respondToClaim/legalrep/checkYourAnswersIncomeAndExpenses.json","rows.regularExpenses.options.otherExpenses","cy Other","Other","FALSE","1","checkYourAnswersIncomeAndExpenses.json::rows.regularExpenses.options.otherExpenses"
"src/main/assets/locales/cy/respondToClaim/legalrep/checkYourAnswersIncomeAndExpenses.json","rows.otherConsiderations.label","cy Is there anything else the defendant wants to tell the court as part of their response","Is there anything else the defendant wants to tell the court as part of their response","FALSE","1","checkYourAnswersIncomeAndExpenses.json::rows.otherConsiderations.label"
"src/main/assets/locales/cy/respondToClaim/legalrep/checkYourAnswersIncomeAndExpenses.json","rows.otherConsiderations.changeHidden","cy other considerations","other considerations","TRUE","3","checkYourAnswersIncomeAndExpenses.json::rows.otherConsiderations.changeHidden ; endOfJourneyCya.json::sections.otherConsiderations ; respondToClaim/endOfJourneyCya.json::sections.otherConsiderations"
"src/main/assets/locales/cy/respondToClaim/legalrep/checkYourAnswersIncomeAndExpenses.json","rows.otherConsiderationsDetails.label","cy Give details about what else the defendant wants to tell the court","Give details about what else the defendant wants to tell the court","TRUE","2","checkYourAnswersIncomeAndExpenses.json::rows.otherConsiderationsDetails.label ; endOfJourneyCya.json::rows.otherConsiderationsDetails.label"
"src/main/assets/locales/cy/respondToClaim/legalrep/checkYourAnswersIncomeAndExpenses.json","rows.otherConsiderationsDetails.changeHidden","cy other considerations details","other considerations details","FALSE","1","checkYourAnswersIncomeAndExpenses.json::rows.otherConsiderationsDetails.changeHidden"
"src/main/assets/locales/cy/respondToClaim/legalrep/checkYourAnswersPaymentsAndAgreements.json","pageTitle","cy Check your answers","Check your answers","TRUE","9","checkYourAnswersIncomeAndExpenses.json::pageTitle ; checkYourAnswersPaymentsAndAgreements.json::pageTitle ; checkYourAnswersPersonalDetails.json::pageTitle ; checkYourAnswersYourCircumstances.json::pageTitle ; checkYourAnswersYourResponse.json::pageTitle ; endOfJourneyCya.json::pageTitle ; endOfJourneyCya.json::heading ; respondToClaim/endOfJourneyCya.json::pageTitle ; respondToClaim/endOfJourneyCya.json::heading"
"src/main/assets/locales/cy/respondToClaim/legalrep/checkYourAnswersPaymentsAndAgreements.json","cardTitle","cy Payments and agreements","Payments and agreements","FALSE","1","checkYourAnswersPaymentsAndAgreements.json::cardTitle"
"src/main/assets/locales/cy/respondToClaim/legalrep/checkYourAnswersPaymentsAndAgreements.json","rows.anyPaymentsMade.label","cy Has the defendant paid any money to {{claimantName}} since {{dateIssued, ordinalDate}}?","Has the defendant paid any money to {{claimantName}} since {{dateIssued, ordinalDate}}?","TRUE","2","checkYourAnswersPaymentsAndAgreements.json::rows.anyPaymentsMade.label ; repaymentsMade.json::repaymentsMadeQuestion"
"src/main/assets/locales/cy/respondToClaim/legalrep/checkYourAnswersPaymentsAndAgreements.json","rows.anyPaymentsMade.changeHidden","cy payments made","payments made","FALSE","1","checkYourAnswersPaymentsAndAgreements.json::rows.anyPaymentsMade.changeHidden"
"src/main/assets/locales/cy/respondToClaim/legalrep/checkYourAnswersPaymentsAndAgreements.json","rows.paymentDetails.label","cy Give details about how much the defendant paid and when","Give details about how much the defendant paid and when","TRUE","3","checkYourAnswersPaymentsAndAgreements.json::rows.paymentDetails.label ; repaymentsMade.json::textAreaLabel ; repaymentsMade.json::errors.repaymentsInfo"
"src/main/assets/locales/cy/respondToClaim/legalrep/checkYourAnswersPaymentsAndAgreements.json","rows.paymentDetails.changeHidden","cy payment details","payment details","FALSE","1","checkYourAnswersPaymentsAndAgreements.json::rows.paymentDetails.changeHidden"
"src/main/assets/locales/cy/respondToClaim/legalrep/checkYourAnswersPaymentsAndAgreements.json","rows.repaymentPlanAgreed.label","cy Has the defendant come to any agreement with {{claimantName}} to repay the arrears since {{dateIssued, ordinalDate}}?","Has the defendant come to any agreement with {{claimantName}} to repay the arrears since {{dateIssued, ordinalDate}}?","FALSE","1","checkYourAnswersPaymentsAndAgreements.json::rows.repaymentPlanAgreed.label"
"src/main/assets/locales/cy/respondToClaim/legalrep/checkYourAnswersPaymentsAndAgreements.json","rows.repaymentPlanAgreed.changeHidden","cy repayment agreement","repayment agreement","FALSE","1","checkYourAnswersPaymentsAndAgreements.json::rows.repaymentPlanAgreed.changeHidden"
"src/main/assets/locales/cy/respondToClaim/legalrep/checkYourAnswersPaymentsAndAgreements.json","rows.repaymentAgreedDetails.label","cy Give details about how much they’ve agreed to pay and when","Give details about how much they’ve agreed to pay and when","FALSE","1","checkYourAnswersPaymentsAndAgreements.json::rows.repaymentAgreedDetails.label"
"src/main/assets/locales/cy/respondToClaim/legalrep/checkYourAnswersPaymentsAndAgreements.json","rows.repaymentAgreedDetails.changeHidden","cy repayment details","repayment details","FALSE","1","checkYourAnswersPaymentsAndAgreements.json::rows.repaymentAgreedDetails.changeHidden"
"src/main/assets/locales/cy/respondToClaim/legalrep/checkYourAnswersPaymentsAndAgreements.json","rows.repayArrearsInstalments.label","cy Would the defendant like to offer to pay off their arrears in instalments?","Would the defendant like to offer to pay off their arrears in instalments?","FALSE","1","checkYourAnswersPaymentsAndAgreements.json::rows.repayArrearsInstalments.label"
"src/main/assets/locales/cy/respondToClaim/legalrep/checkYourAnswersPaymentsAndAgreements.json","rows.repayArrearsInstalments.changeHidden","cy offer to pay in instalments","offer to pay in instalments","FALSE","1","checkYourAnswersPaymentsAndAgreements.json::rows.repayArrearsInstalments.changeHidden"
"src/main/assets/locales/cy/respondToClaim/legalrep/checkYourAnswersPaymentsAndAgreements.json","rows.installmentAmount.label","cy How much could the defendant afford to pay in addition to the current rent?","How much could the defendant afford to pay in addition to the current rent?","FALSE","1","checkYourAnswersPaymentsAndAgreements.json::rows.installmentAmount.label"
"src/main/assets/locales/cy/respondToClaim/legalrep/checkYourAnswersPaymentsAndAgreements.json","rows.installmentAmount.changeHidden","cy instalment amount","instalment amount","FALSE","1","checkYourAnswersPaymentsAndAgreements.json::rows.installmentAmount.changeHidden"
"src/main/assets/locales/cy/respondToClaim/legalrep/checkYourAnswersPaymentsAndAgreements.json","rows.installmentFrequency.label","cy How frequently could the defendant afford to pay this amount?","How frequently could the defendant afford to pay this amount?","FALSE","1","checkYourAnswersPaymentsAndAgreements.json::rows.installmentFrequency.label"
"src/main/assets/locales/cy/respondToClaim/legalrep/checkYourAnswersPaymentsAndAgreements.json","rows.installmentFrequency.changeHidden","cy instalment frequency","instalment frequency","FALSE","1","checkYourAnswersPaymentsAndAgreements.json::rows.installmentFrequency.changeHidden"
"src/main/assets/locales/cy/respondToClaim/legalrep/checkYourAnswersPaymentsAndAgreements.json","rows.installmentFrequency.frequencies.weekly","cy Weekly","Weekly","FALSE","1","checkYourAnswersPaymentsAndAgreements.json::rows.installmentFrequency.frequencies.weekly"
"src/main/assets/locales/cy/respondToClaim/legalrep/checkYourAnswersPaymentsAndAgreements.json","rows.installmentFrequency.frequencies.every2Weeks","cy Every 2 weeks","Every 2 weeks","FALSE","1","checkYourAnswersPaymentsAndAgreements.json::rows.installmentFrequency.frequencies.every2Weeks"
"src/main/assets/locales/cy/respondToClaim/legalrep/checkYourAnswersPaymentsAndAgreements.json","rows.installmentFrequency.frequencies.every4Weeks","cy Every 4 weeks","Every 4 weeks","FALSE","1","checkYourAnswersPaymentsAndAgreements.json::rows.installmentFrequency.frequencies.every4Weeks"
"src/main/assets/locales/cy/respondToClaim/legalrep/checkYourAnswersPaymentsAndAgreements.json","rows.installmentFrequency.frequencies.monthly","cy Monthly","Monthly","FALSE","1","checkYourAnswersPaymentsAndAgreements.json::rows.installmentFrequency.frequencies.monthly"
"src/main/assets/locales/cy/respondToClaim/legalrep/checkYourAnswersPersonalDetails.json","pageTitle","cy Check your answers","Check your answers","TRUE","9","checkYourAnswersIncomeAndExpenses.json::pageTitle ; checkYourAnswersPaymentsAndAgreements.json::pageTitle ; checkYourAnswersPersonalDetails.json::pageTitle ; checkYourAnswersYourCircumstances.json::pageTitle ; checkYourAnswersYourResponse.json::pageTitle ; endOfJourneyCya.json::pageTitle ; endOfJourneyCya.json::heading ; respondToClaim/endOfJourneyCya.json::pageTitle ; respondToClaim/endOfJourneyCya.json::heading"
"src/main/assets/locales/cy/respondToClaim/legalrep/checkYourAnswersPersonalDetails.json","cardTitle","cy Personal details","Personal details","TRUE","3","checkYourAnswersPersonalDetails.json::cardTitle ; endOfJourneyCya.json::sections.personalDetails ; respondToClaim/endOfJourneyCya.json::sections.personalDetails"
"src/main/assets/locales/cy/respondToClaim/legalrep/checkYourAnswersPersonalDetails.json","rows.defendantNameConfirmation.label","cy Is your client’s name {{defendantName}}?","Is your client’s name {{defendantName}}?","FALSE","1","checkYourAnswersPersonalDetails.json::rows.defendantNameConfirmation.label"
"src/main/assets/locales/cy/respondToClaim/legalrep/checkYourAnswersPersonalDetails.json","rows.defendantNameConfirmation.changeHidden","cy name","name","TRUE","3","checkYourAnswersPersonalDetails.json::rows.defendantNameConfirmation.changeHidden ; checkYourAnswersPersonalDetails.json::rows.defendantName.label ; checkYourAnswersPersonalDetails.json::rows.defendantNameCapture.changeHidden"
"src/main/assets/locales/cy/respondToClaim/legalrep/checkYourAnswersPersonalDetails.json","rows.defendantName.label","cy Name","Name","TRUE","3","checkYourAnswersPersonalDetails.json::rows.defendantNameConfirmation.changeHidden ; checkYourAnswersPersonalDetails.json::rows.defendantName.label ; checkYourAnswersPersonalDetails.json::rows.defendantNameCapture.changeHidden"
"src/main/assets/locales/cy/respondToClaim/legalrep/checkYourAnswersPersonalDetails.json","rows.defendantName.changeHidden","cy corrected name","corrected name","FALSE","1","checkYourAnswersPersonalDetails.json::rows.defendantName.changeHidden"
"src/main/assets/locales/cy/respondToClaim/legalrep/checkYourAnswersPersonalDetails.json","rows.defendantNameCapture.label","cy What is your client’s name?","What is your client’s name?","FALSE","1","checkYourAnswersPersonalDetails.json::rows.defendantNameCapture.label"
"src/main/assets/locales/cy/respondToClaim/legalrep/checkYourAnswersPersonalDetails.json","rows.defendantNameCapture.changeHidden","cy name","name","TRUE","3","checkYourAnswersPersonalDetails.json::rows.defendantNameConfirmation.changeHidden ; checkYourAnswersPersonalDetails.json::rows.defendantName.label ; checkYourAnswersPersonalDetails.json::rows.defendantNameCapture.changeHidden"
"src/main/assets/locales/cy/respondToClaim/legalrep/checkYourAnswersPersonalDetails.json","rows.dateOfBirth.label","cy Date of Birth","Date of Birth","TRUE","2","checkYourAnswersPersonalDetails.json::rows.dateOfBirth.label ; checkYourAnswersPersonalDetails.json::rows.dateOfBirth.changeHidden"
"src/main/assets/locales/cy/respondToClaim/legalrep/checkYourAnswersPersonalDetails.json","rows.dateOfBirth.changeHidden","cy date of birth","date of birth","TRUE","2","checkYourAnswersPersonalDetails.json::rows.dateOfBirth.label ; checkYourAnswersPersonalDetails.json::rows.dateOfBirth.changeHidden"
"src/main/assets/locales/cy/respondToClaim/legalrep/checkYourAnswersPersonalDetails.json","rows.correspondenceAddressConfirmation.label","cy Is your postal address {{address}}?","Is your postal address {{address}}?","FALSE","1","checkYourAnswersPersonalDetails.json::rows.correspondenceAddressConfirmation.label"
"src/main/assets/locales/cy/respondToClaim/legalrep/checkYourAnswersPersonalDetails.json","rows.correspondenceAddressConfirmation.fallbackLabel","cy What’s your postal address?","What’s your postal address?","FALSE","1","checkYourAnswersPersonalDetails.json::rows.correspondenceAddressConfirmation.fallbackLabel"
"src/main/assets/locales/cy/respondToClaim/legalrep/checkYourAnswersPersonalDetails.json","rows.correspondenceAddressConfirmation.changeHidden","cy postal address","postal address","FALSE","1","checkYourAnswersPersonalDetails.json::rows.correspondenceAddressConfirmation.changeHidden"
"src/main/assets/locales/cy/respondToClaim/legalrep/checkYourAnswersPersonalDetails.json","rows.contactByEmailOrPost.label","cy How do you want to receive updates?","How do you want to receive updates?","FALSE","1","checkYourAnswersPersonalDetails.json::rows.contactByEmailOrPost.label"
"src/main/assets/locales/cy/respondToClaim/legalrep/checkYourAnswersPersonalDetails.json","rows.contactByEmailOrPost.changeHidden","cy how you receive updates","how you receive updates","FALSE","1","checkYourAnswersPersonalDetails.json::rows.contactByEmailOrPost.changeHidden"
"src/main/assets/locales/cy/respondToClaim/legalrep/checkYourAnswersPersonalDetails.json","rows.contactByEmailOrPost.options.email","cy By email","By email","FALSE","1","checkYourAnswersPersonalDetails.json::rows.contactByEmailOrPost.options.email"
"src/main/assets/locales/cy/respondToClaim/legalrep/checkYourAnswersPersonalDetails.json","rows.contactByEmailOrPost.options.post","cy By post","By post","FALSE","1","checkYourAnswersPersonalDetails.json::rows.contactByEmailOrPost.options.post"
"src/main/assets/locales/cy/respondToClaim/legalrep/checkYourAnswersPersonalDetails.json","rows.contactByEmailOrPost.options.none","cy None","None","FALSE","1","checkYourAnswersPersonalDetails.json::rows.contactByEmailOrPost.options.none"
"src/main/assets/locales/cy/respondToClaim/legalrep/checkYourAnswersPersonalDetails.json","rows.contactByEmailAddress.label","cy Email","Email","FALSE","1","checkYourAnswersPersonalDetails.json::rows.contactByEmailAddress.label"
"src/main/assets/locales/cy/respondToClaim/legalrep/checkYourAnswersPersonalDetails.json","rows.contactByPhone.label","cy Are you happy to be contacted by telephone?","Are you happy to be contacted by telephone?","FALSE","1","checkYourAnswersPersonalDetails.json::rows.contactByPhone.label"
"src/main/assets/locales/cy/respondToClaim/legalrep/checkYourAnswersPersonalDetails.json","rows.contactByPhone.changeHidden","cy contact by phone","contact by phone","FALSE","1","checkYourAnswersPersonalDetails.json::rows.contactByPhone.changeHidden"
"src/main/assets/locales/cy/respondToClaim/legalrep/checkYourAnswersPersonalDetails.json","rows.contactByText.label","cy Are you happy to be contacted by text message?","Are you happy to be contacted by text message?","FALSE","1","checkYourAnswersPersonalDetails.json::rows.contactByText.label"
"src/main/assets/locales/cy/respondToClaim/legalrep/checkYourAnswersPersonalDetails.json","rows.contactByText.changeHidden","cy contact by text message","contact by text message","FALSE","1","checkYourAnswersPersonalDetails.json::rows.contactByText.changeHidden"
"src/main/assets/locales/cy/respondToClaim/legalrep/checkYourAnswersPersonalDetails.json","rows.contactDetails.label","cy Contact details","Contact details","TRUE","2","checkYourAnswersPersonalDetails.json::rows.contactDetails.label ; checkYourAnswersPersonalDetails.json::rows.contactDetails.changeHidden"
"src/main/assets/locales/cy/respondToClaim/legalrep/checkYourAnswersPersonalDetails.json","rows.contactDetails.changeHidden","cy contact details","contact details","TRUE","2","checkYourAnswersPersonalDetails.json::rows.contactDetails.label ; checkYourAnswersPersonalDetails.json::rows.contactDetails.changeHidden"
"src/main/assets/locales/cy/respondToClaim/legalrep/checkYourAnswersYourCircumstances.json","pageTitle","cy Check your answers","Check your answers","TRUE","9","checkYourAnswersIncomeAndExpenses.json::pageTitle ; checkYourAnswersPaymentsAndAgreements.json::pageTitle ; checkYourAnswersPersonalDetails.json::pageTitle ; checkYourAnswersYourCircumstances.json::pageTitle ; checkYourAnswersYourResponse.json::pageTitle ; endOfJourneyCya.json::pageTitle ; endOfJourneyCya.json::heading ; respondToClaim/endOfJourneyCya.json::pageTitle ; respondToClaim/endOfJourneyCya.json::heading"
"src/main/assets/locales/cy/respondToClaim/legalrep/checkYourAnswersYourCircumstances.json","cardTitle","cy Your circumstances","Your circumstances","TRUE","2","checkYourAnswersYourCircumstances.json::cardTitle ; respondToClaim/endOfJourneyCya.json::sections.yourCircumstances"
"src/main/assets/locales/cy/respondToClaim/legalrep/checkYourAnswersYourCircumstances.json","rows.dependantChildren.label","cy Does the defendant have any dependant children?","Does the defendant have any dependant children?","FALSE","1","checkYourAnswersYourCircumstances.json::rows.dependantChildren.label"
"src/main/assets/locales/cy/respondToClaim/legalrep/checkYourAnswersYourCircumstances.json","rows.dependantChildren.changeHidden","cy dependent children","dependent children","FALSE","1","checkYourAnswersYourCircumstances.json::rows.dependantChildren.changeHidden"
"src/main/assets/locales/cy/respondToClaim/legalrep/checkYourAnswersYourCircumstances.json","rows.dependantChildrenDetails.label","cy Give details about their dependant children","Give details about their dependant children","FALSE","1","checkYourAnswersYourCircumstances.json::rows.dependantChildrenDetails.label"
"src/main/assets/locales/cy/respondToClaim/legalrep/checkYourAnswersYourCircumstances.json","rows.dependantChildrenDetails.changeHidden","cy dependent children details","dependent children details","FALSE","1","checkYourAnswersYourCircumstances.json::rows.dependantChildrenDetails.changeHidden"
"src/main/assets/locales/cy/respondToClaim/legalrep/checkYourAnswersYourCircumstances.json","rows.otherDependants.label","cy Does the defendant have any other dependants?","Does the defendant have any other dependants?","FALSE","1","checkYourAnswersYourCircumstances.json::rows.otherDependants.label"
"src/main/assets/locales/cy/respondToClaim/legalrep/checkYourAnswersYourCircumstances.json","rows.otherDependants.changeHidden","cy other dependants","other dependants","FALSE","1","checkYourAnswersYourCircumstances.json::rows.otherDependants.changeHidden"
"src/main/assets/locales/cy/respondToClaim/legalrep/checkYourAnswersYourCircumstances.json","rows.otherDependantsDetails.label","cy Give details about their other dependants","Give details about their other dependants","FALSE","1","checkYourAnswersYourCircumstances.json::rows.otherDependantsDetails.label"
"src/main/assets/locales/cy/respondToClaim/legalrep/checkYourAnswersYourCircumstances.json","rows.otherDependantsDetails.changeHidden","cy other dependants details","other dependants details","FALSE","1","checkYourAnswersYourCircumstances.json::rows.otherDependantsDetails.changeHidden"
"src/main/assets/locales/cy/respondToClaim/legalrep/checkYourAnswersYourCircumstances.json","rows.otherTenants.label","cy Do any other adults live in the defendant’s home?","Do any other adults live in the defendant’s home?","TRUE","3","doAnyOtherAdultsLiveInYourHome.json::dependantQuestion ; doAnyOtherAdultsLiveInYourHome.json::dependantQuestion ; checkYourAnswersYourCircumstances.json::rows.otherTenants.label"
"src/main/assets/locales/cy/respondToClaim/legalrep/checkYourAnswersYourCircumstances.json","rows.otherTenants.changeHidden","cy other adults in your home","other adults in your home","FALSE","1","checkYourAnswersYourCircumstances.json::rows.otherTenants.changeHidden"
"src/main/assets/locales/cy/respondToClaim/legalrep/checkYourAnswersYourCircumstances.json","rows.otherTenantsDetails.label","cy Give details about the other adults living in the defendant’s home","Give details about the other adults living in the defendant’s home","TRUE","3","doAnyOtherAdultsLiveInYourHome.json::textAreaLabel ; doAnyOtherAdultsLiveInYourHome.json::textAreaLabel ; checkYourAnswersYourCircumstances.json::rows.otherTenantsDetails.label"
"src/main/assets/locales/cy/respondToClaim/legalrep/checkYourAnswersYourCircumstances.json","rows.otherTenantsDetails.changeHidden","cy other adults details","other adults details","FALSE","1","checkYourAnswersYourCircumstances.json::rows.otherTenantsDetails.changeHidden"
"src/main/assets/locales/cy/respondToClaim/legalrep/checkYourAnswersYourCircumstances.json","rows.alternativeAccommodation.label","cy Would the defendant have somewhere else to live if they had to leave their home?","Would the defendant have somewhere else to live if they had to leave their home?","FALSE","1","checkYourAnswersYourCircumstances.json::rows.alternativeAccommodation.label"
"src/main/assets/locales/cy/respondToClaim/legalrep/checkYourAnswersYourCircumstances.json","rows.alternativeAccommodation.changeHidden","cy alternative accommodation","alternative accommodation","FALSE","1","checkYourAnswersYourCircumstances.json::rows.alternativeAccommodation.changeHidden"
"src/main/assets/locales/cy/respondToClaim/legalrep/checkYourAnswersYourCircumstances.json","rows.alternativeAccommodationDate.label","cy When would they be able to move in?","When would they be able to move in?","FALSE","1","checkYourAnswersYourCircumstances.json::rows.alternativeAccommodationDate.label"
"src/main/assets/locales/cy/respondToClaim/legalrep/checkYourAnswersYourCircumstances.json","rows.alternativeAccommodationDate.changeHidden","cy alternative accommodation move-in date","alternative accommodation move-in date","FALSE","1","checkYourAnswersYourCircumstances.json::rows.alternativeAccommodationDate.changeHidden"
"src/main/assets/locales/cy/respondToClaim/legalrep/checkYourAnswersYourCircumstances.json","rows.shareAdditionalCircumstances.label","cy Would you like to share anything about the defendant’s circumstances?","Would you like to share anything about the defendant’s circumstances?","FALSE","1","checkYourAnswersYourCircumstances.json::rows.shareAdditionalCircumstances.label"
"src/main/assets/locales/cy/respondToClaim/legalrep/checkYourAnswersYourCircumstances.json","rows.shareAdditionalCircumstances.changeHidden","cy additional circumstances","additional circumstances","FALSE","1","checkYourAnswersYourCircumstances.json::rows.shareAdditionalCircumstances.changeHidden"
"src/main/assets/locales/cy/respondToClaim/legalrep/checkYourAnswersYourCircumstances.json","rows.shareAdditionalCircumstancesDetails.label","cy Give details about the defendant’s circumstances","Give details about the defendant’s circumstances","FALSE","1","checkYourAnswersYourCircumstances.json::rows.shareAdditionalCircumstancesDetails.label"
"src/main/assets/locales/cy/respondToClaim/legalrep/checkYourAnswersYourCircumstances.json","rows.shareAdditionalCircumstancesDetails.changeHidden","cy additional circumstances details","additional circumstances details","FALSE","1","checkYourAnswersYourCircumstances.json::rows.shareAdditionalCircumstancesDetails.changeHidden"
"src/main/assets/locales/cy/respondToClaim/legalrep/checkYourAnswersYourCircumstances.json","rows.exceptionalHardship.label","cy Would the defendant experience exceptional hardship if they were asked to leave their home?","Would the defendant experience exceptional hardship if they were asked to leave their home?","FALSE","1","checkYourAnswersYourCircumstances.json::rows.exceptionalHardship.label"
"src/main/assets/locales/cy/respondToClaim/legalrep/checkYourAnswersYourCircumstances.json","rows.exceptionalHardship.changeHidden","cy exceptional hardship","exceptional hardship","FALSE","1","checkYourAnswersYourCircumstances.json::rows.exceptionalHardship.changeHidden"
"src/main/assets/locales/cy/respondToClaim/legalrep/checkYourAnswersYourCircumstances.json","rows.exceptionalHardshipDetails.label","cy Give details about the exceptional hardship the defendant would experience","Give details about the exceptional hardship the defendant would experience","FALSE","1","checkYourAnswersYourCircumstances.json::rows.exceptionalHardshipDetails.label"
"src/main/assets/locales/cy/respondToClaim/legalrep/checkYourAnswersYourCircumstances.json","rows.exceptionalHardshipDetails.changeHidden","cy exceptional hardship details","exceptional hardship details","FALSE","1","checkYourAnswersYourCircumstances.json::rows.exceptionalHardshipDetails.changeHidden"
"src/main/assets/locales/cy/respondToClaim/legalrep/checkYourAnswersYourResponse.json","pageTitle","cy Check your answers","Check your answers","TRUE","9","checkYourAnswersIncomeAndExpenses.json::pageTitle ; checkYourAnswersPaymentsAndAgreements.json::pageTitle ; checkYourAnswersPersonalDetails.json::pageTitle ; checkYourAnswersYourCircumstances.json::pageTitle ; checkYourAnswersYourResponse.json::pageTitle ; endOfJourneyCya.json::pageTitle ; endOfJourneyCya.json::heading ; respondToClaim/endOfJourneyCya.json::pageTitle ; respondToClaim/endOfJourneyCya.json::heading"
"src/main/assets/locales/cy/respondToClaim/legalrep/checkYourAnswersYourResponse.json","cardTitle","cy Response","Response","FALSE","1","checkYourAnswersYourResponse.json::cardTitle"
"src/main/assets/locales/cy/respondToClaim/legalrep/checkYourAnswersYourResponse.json","options.yes","cy Yes","Yes","TRUE","7","counterClaim.json::options.yes ; defendantNameConfirmation.json::yesOption ; correspondenceAddress.json::labels.yes ; defendantNameConfirmation.json::yesOption ; emailConfirmation.json::options.yes ; nonRentArrearsDispute.json::disputeOtherPartsOptions.yes ; checkYourAnswersYourResponse.json::options.yes"
"src/main/assets/locales/cy/respondToClaim/legalrep/checkYourAnswersYourResponse.json","options.no","cy No","No","TRUE","7","counterClaim.json::options.no ; defendantNameConfirmation.json::noOption ; correspondenceAddress.json::labels.no ; defendantNameConfirmation.json::noOption ; emailConfirmation.json::options.noOption ; nonRentArrearsDispute.json::disputeOtherPartsOptions.no ; checkYourAnswersYourResponse.json::options.no"
"src/main/assets/locales/cy/respondToClaim/legalrep/checkYourAnswersYourResponse.json","options.imNotSure","cy I’m not sure","I’m not sure","FALSE","1","checkYourAnswersYourResponse.json::options.imNotSure"
"src/main/assets/locales/cy/respondToClaim/legalrep/checkYourAnswersYourResponse.json","rows.landlordRegistered.label","cy Is the landlord registered?","Is the landlord registered?","FALSE","1","checkYourAnswersYourResponse.json::rows.landlordRegistered.label"
"src/main/assets/locales/cy/respondToClaim/legalrep/checkYourAnswersYourResponse.json","rows.landlordRegistered.changeHidden","cy landlord registered","landlord registered","FALSE","1","checkYourAnswersYourResponse.json::rows.landlordRegistered.changeHidden"
"src/main/assets/locales/cy/respondToClaim/legalrep/checkYourAnswersYourResponse.json","rows.landlordLicensed.label","cy Is the landlord licensed?","Is the landlord licensed?","FALSE","1","checkYourAnswersYourResponse.json::rows.landlordLicensed.label"
"src/main/assets/locales/cy/respondToClaim/legalrep/checkYourAnswersYourResponse.json","rows.landlordLicensed.changeHidden","cy landlord licensed","landlord licensed","FALSE","1","checkYourAnswersYourResponse.json::rows.landlordLicensed.changeHidden"
"src/main/assets/locales/cy/respondToClaim/legalrep/checkYourAnswersYourResponse.json","rows.writtenTerms.label","cy Has the landlord sent the defendant written terms of the occupation contract?","Has the landlord sent the defendant written terms of the occupation contract?","FALSE","1","checkYourAnswersYourResponse.json::rows.writtenTerms.label"
"src/main/assets/locales/cy/respondToClaim/legalrep/checkYourAnswersYourResponse.json","rows.writtenTerms.changeHidden","cy written terms","written terms","FALSE","1","checkYourAnswersYourResponse.json::rows.writtenTerms.changeHidden"
"src/main/assets/locales/cy/respondToClaim/legalrep/checkYourAnswersYourResponse.json","rows.tenancyTypeCorrect.label","cy Is the tenancy, occupation contract or licence agreement type correct?","Is the tenancy, occupation contract or licence agreement type correct?","FALSE","1","checkYourAnswersYourResponse.json::rows.tenancyTypeCorrect.label"
"src/main/assets/locales/cy/respondToClaim/legalrep/checkYourAnswersYourResponse.json","rows.tenancyTypeCorrect.changeHidden","cy tenancy type","tenancy type","FALSE","1","checkYourAnswersYourResponse.json::rows.tenancyTypeCorrect.changeHidden"
"src/main/assets/locales/cy/respondToClaim/legalrep/checkYourAnswersYourResponse.json","rows.tenancyTypeDetails.label","cy Give the correct tenancy, occupation contract or licence type","Give the correct tenancy, occupation contract or licence type","FALSE","1","checkYourAnswersYourResponse.json::rows.tenancyTypeDetails.label"
"src/main/assets/locales/cy/respondToClaim/legalrep/checkYourAnswersYourResponse.json","rows.tenancyTypeDetails.changeHidden","cy corrected tenancy type","corrected tenancy type","FALSE","1","checkYourAnswersYourResponse.json::rows.tenancyTypeDetails.changeHidden"
"src/main/assets/locales/cy/respondToClaim/legalrep/checkYourAnswersYourResponse.json","rows.tenancyStartDate.changeHidden","cy tenancy start date","tenancy start date","TRUE","2","checkYourAnswersYourResponse.json::rows.tenancyStartDate.changeHidden ; checkYourAnswersYourResponse.json::rows.tenancyStartDate.confirm.changeHidden"
"src/main/assets/locales/cy/respondToClaim/legalrep/checkYourAnswersYourResponse.json","rows.tenancyStartDate.confirm.label","cy Is the tenancy, licence or occupation contract start date correct?","Is the tenancy, licence or occupation contract start date correct?","FALSE","1","checkYourAnswersYourResponse.json::rows.tenancyStartDate.confirm.label"
"src/main/assets/locales/cy/respondToClaim/legalrep/checkYourAnswersYourResponse.json","rows.tenancyStartDate.confirm.changeHidden","cy tenancy start date","tenancy start date","TRUE","2","checkYourAnswersYourResponse.json::rows.tenancyStartDate.changeHidden ; checkYourAnswersYourResponse.json::rows.tenancyStartDate.confirm.changeHidden"
"src/main/assets/locales/cy/respondToClaim/legalrep/checkYourAnswersYourResponse.json","rows.tenancyStartDate.correctDate.label","cy What is the correct start date?","What is the correct start date?","FALSE","1","checkYourAnswersYourResponse.json::rows.tenancyStartDate.correctDate.label"
"src/main/assets/locales/cy/respondToClaim/legalrep/checkYourAnswersYourResponse.json","rows.tenancyStartDate.correctDate.changeHidden","cy corrected tenancy start date","corrected tenancy start date","FALSE","1","checkYourAnswersYourResponse.json::rows.tenancyStartDate.correctDate.changeHidden"
"src/main/assets/locales/cy/respondToClaim/legalrep/checkYourAnswersYourResponse.json","rows.tenancyStartDate.labelEntered","cy What is the tenancy, occupation contract or licence start date?","What is the tenancy, occupation contract or licence start date?","FALSE","1","checkYourAnswersYourResponse.json::rows.tenancyStartDate.labelEntered"
"src/main/assets/locales/cy/respondToClaim/legalrep/checkYourAnswersYourResponse.json","rows.possessionNoticeReceived.label","cy Did {{claimantName}} give the defendant notice of their intention to begin possession proceedings?","Did {{claimantName}} give the defendant notice of their intention to begin possession proceedings?","FALSE","1","checkYourAnswersYourResponse.json::rows.possessionNoticeReceived.label"
"src/main/assets/locales/cy/respondToClaim/legalrep/checkYourAnswersYourResponse.json","rows.possessionNoticeReceived.changeHidden","cy notice received","notice received","FALSE","1","checkYourAnswersYourResponse.json::rows.possessionNoticeReceived.changeHidden"
"src/main/assets/locales/cy/respondToClaim/legalrep/checkYourAnswersYourResponse.json","rows.noticeReceivedDate.label","cy When did the defendant receive notice from {{claimantName}}?","When did the defendant receive notice from {{claimantName}}?","FALSE","1","checkYourAnswersYourResponse.json::rows.noticeReceivedDate.label"
"src/main/assets/locales/cy/respondToClaim/legalrep/checkYourAnswersYourResponse.json","rows.noticeReceivedDate.changeHidden","cy notice received date","notice received date","FALSE","1","checkYourAnswersYourResponse.json::rows.noticeReceivedDate.changeHidden"
"src/main/assets/locales/cy/respondToClaim/legalrep/checkYourAnswersYourResponse.json","rows.rentArrearsAmountConfirmation.label","cy Does the defendant owe this amount in rent arrears?","Does the defendant owe this amount in rent arrears?","FALSE","1","checkYourAnswersYourResponse.json::rows.rentArrearsAmountConfirmation.label"
"src/main/assets/locales/cy/respondToClaim/legalrep/checkYourAnswersYourResponse.json","rows.rentArrearsAmountConfirmation.changeHidden","cy rent arrears amount","rent arrears amount","FALSE","1","checkYourAnswersYourResponse.json::rows.rentArrearsAmountConfirmation.changeHidden"
"src/main/assets/locales/cy/respondToClaim/legalrep/checkYourAnswersYourResponse.json","rows.rentArrearsAmountDetails.label","cy How much does the defendant believe they owe in rent arrears?","How much does the defendant believe they owe in rent arrears?","FALSE","1","checkYourAnswersYourResponse.json::rows.rentArrearsAmountDetails.label"
"src/main/assets/locales/cy/respondToClaim/legalrep/checkYourAnswersYourResponse.json","rows.rentArrearsAmountDetails.changeHidden","cy rent arrears amount details","rent arrears amount details","FALSE","1","checkYourAnswersYourResponse.json::rows.rentArrearsAmountDetails.changeHidden"
"src/main/assets/locales/cy/respondToClaim/legalrep/checkYourAnswersYourResponse.json","rows.disputeClaim.label","cy Does the defendant dispute any other parts of the claim?","Does the defendant dispute any other parts of the claim?","TRUE","2","nonRentArrearsDispute.json::disputeOtherPartsQuestion ; checkYourAnswersYourResponse.json::rows.disputeClaim.label"
"src/main/assets/locales/cy/respondToClaim/legalrep/checkYourAnswersYourResponse.json","rows.disputeClaim.changeHidden","cy dispute other parts of the claim","dispute other parts of the claim","FALSE","1","checkYourAnswersYourResponse.json::rows.disputeClaim.changeHidden"
"src/main/assets/locales/cy/respondToClaim/legalrep/checkYourAnswersYourResponse.json","rows.disputeClaimDetails.label","cy Explain which parts of the claim the defendant disputes","Explain which parts of the claim the defendant disputes","FALSE","1","checkYourAnswersYourResponse.json::rows.disputeClaimDetails.label"
"src/main/assets/locales/cy/respondToClaim/legalrep/checkYourAnswersYourResponse.json","rows.disputeClaimDetails.changeHidden","cy dispute details","dispute details","FALSE","1","checkYourAnswersYourResponse.json::rows.disputeClaimDetails.changeHidden"
"src/main/assets/locales/cy/respondToClaim/legalrep/checkYourAnswersYourResponse.json","rows.makeCounterClaim.label","cy Do you want to make a counterclaim?","Do you want to make a counterclaim?","FALSE","1","checkYourAnswersYourResponse.json::rows.makeCounterClaim.label"
"src/main/assets/locales/cy/respondToClaim/legalrep/checkYourAnswersYourResponse.json","rows.makeCounterClaim.changeHidden","cy make a counterclaim","make a counterclaim","FALSE","1","checkYourAnswersYourResponse.json::rows.makeCounterClaim.changeHidden"
"src/main/assets/locales/cy/respondToClaim/legalrep/checkYourAnswersYourResponse.json","rows.counterClaimType.label","cy What are you claiming for?","What are you claiming for?","FALSE","1","checkYourAnswersYourResponse.json::rows.counterClaimType.label"
"src/main/assets/locales/cy/respondToClaim/legalrep/checkYourAnswersYourResponse.json","rows.counterClaimType.changeHidden","cy counterclaim type","counterclaim type","FALSE","1","checkYourAnswersYourResponse.json::rows.counterClaimType.changeHidden"
"src/main/assets/locales/cy/respondToClaim/legalrep/checkYourAnswersYourResponse.json","rows.counterClaimType.options.PAYMENT_OR_COMPENSATION","cy A sum of money or compensation","A sum of money or compensation","TRUE","2","counterClaimWhatAreYouClaimingFor.json::options.paymentOrCompensation ; checkYourAnswersYourResponse.json::rows.counterClaimType.options.PAYMENT_OR_COMPENSATION"
"src/main/assets/locales/cy/respondToClaim/legalrep/checkYourAnswersYourResponse.json","rows.counterClaimType.options.SOMETHING_ELSE","cy Something else","Something else","TRUE","2","counterClaimWhatAreYouClaimingFor.json::options.somethingElse ; checkYourAnswersYourResponse.json::rows.counterClaimType.options.SOMETHING_ELSE"
"src/main/assets/locales/cy/respondToClaim/legalrep/checkYourAnswersYourResponse.json","rows.counterClaimType.options.BOTH","cy Both","Both","TRUE","2","counterClaimWhatAreYouClaimingFor.json::options.both ; checkYourAnswersYourResponse.json::rows.counterClaimType.options.BOTH"
"src/main/assets/locales/cy/respondToClaim/legalrep/checkYourAnswersYourResponse.json","rows.isClaimAmountKnown.label","cy Are you claiming for a specific sum of money?","Are you claiming for a specific sum of money?","FALSE","1","checkYourAnswersYourResponse.json::rows.isClaimAmountKnown.label"
"src/main/assets/locales/cy/respondToClaim/legalrep/checkYourAnswersYourResponse.json","rows.isClaimAmountKnown.changeHidden","cy claim amount known","claim amount known","FALSE","1","checkYourAnswersYourResponse.json::rows.isClaimAmountKnown.changeHidden"
"src/main/assets/locales/cy/respondToClaim/legalrep/checkYourAnswersYourResponse.json","rows.claimAmount.label","cy How much are you claiming?","How much are you claiming?","FALSE","1","checkYourAnswersYourResponse.json::rows.claimAmount.label"
"src/main/assets/locales/cy/respondToClaim/legalrep/checkYourAnswersYourResponse.json","rows.claimAmount.changeHidden","cy claim amount","claim amount","FALSE","1","checkYourAnswersYourResponse.json::rows.claimAmount.changeHidden"
"src/main/assets/locales/cy/respondToClaim/legalrep/checkYourAnswersYourResponse.json","rows.estimatedMaxClaimAmount.label","cy What’s the maximum value of your claim?","What’s the maximum value of your claim?","FALSE","1","checkYourAnswersYourResponse.json::rows.estimatedMaxClaimAmount.label"
"src/main/assets/locales/cy/respondToClaim/legalrep/checkYourAnswersYourResponse.json","rows.estimatedMaxClaimAmount.changeHidden","cy estimated maximum claim amount","estimated maximum claim amount","FALSE","1","checkYourAnswersYourResponse.json::rows.estimatedMaxClaimAmount.changeHidden"
"src/main/assets/locales/cy/respondToClaim/legalrep/checkYourAnswersYourResponse.json","rows.counterClaimNeedHelpWithFees.label","cy Do you need help paying the counterclaim fee?","Do you need help paying the counterclaim fee?","FALSE","1","checkYourAnswersYourResponse.json::rows.counterClaimNeedHelpWithFees.label"
"src/main/assets/locales/cy/respondToClaim/legalrep/checkYourAnswersYourResponse.json","rows.counterClaimNeedHelpWithFees.changeHidden","cy help paying the counterclaim fee","help paying the counterclaim fee","FALSE","1","checkYourAnswersYourResponse.json::rows.counterClaimNeedHelpWithFees.changeHidden"
"src/main/assets/locales/cy/respondToClaim/legalrep/checkYourAnswersYourResponse.json","rows.counterClaimNeedHelpWithFees.options.YES","cy I need help paying the fee","I need help paying the fee","FALSE","1","checkYourAnswersYourResponse.json::rows.counterClaimNeedHelpWithFees.options.YES"
"src/main/assets/locales/cy/respondToClaim/legalrep/checkYourAnswersYourResponse.json","rows.counterClaimNeedHelpWithFees.options.NO","cy I do not need help paying the fee","I do not need help paying the fee","FALSE","1","checkYourAnswersYourResponse.json::rows.counterClaimNeedHelpWithFees.options.NO"
"src/main/assets/locales/cy/respondToClaim/legalrep/checkYourAnswersYourResponse.json","rows.counterClaimAppliedForHwf.label","cy Have you already applied for help with your counterclaim fee?","Have you already applied for help with your counterclaim fee?","FALSE","1","checkYourAnswersYourResponse.json::rows.counterClaimAppliedForHwf.label"
"src/main/assets/locales/cy/respondToClaim/legalrep/checkYourAnswersYourResponse.json","rows.counterClaimAppliedForHwf.changeHidden","cy applied for help with fees","applied for help with fees","FALSE","1","checkYourAnswersYourResponse.json::rows.counterClaimAppliedForHwf.changeHidden"
"src/main/assets/locales/cy/respondToClaim/legalrep/checkYourAnswersYourResponse.json","rows.counterClaimHwfReference.label","cy Enter your Help with Fees reference number","Enter your Help with Fees reference number","FALSE","1","checkYourAnswersYourResponse.json::rows.counterClaimHwfReference.label"
"src/main/assets/locales/cy/respondToClaim/legalrep/checkYourAnswersYourResponse.json","rows.counterClaimHwfReference.changeHidden","cy Help with Fees reference number","Help with Fees reference number","FALSE","1","checkYourAnswersYourResponse.json::rows.counterClaimHwfReference.changeHidden"
"src/main/assets/locales/cy/respondToClaim/legalrep/checkYourAnswersYourResponse.json","rows.counterClaimFor.label","cy What is your counterclaim for?","What is your counterclaim for?","FALSE","1","checkYourAnswersYourResponse.json::rows.counterClaimFor.label"
"src/main/assets/locales/cy/respondToClaim/legalrep/checkYourAnswersYourResponse.json","rows.counterClaimFor.changeHidden","cy counterclaim subject","counterclaim subject","FALSE","1","checkYourAnswersYourResponse.json::rows.counterClaimFor.changeHidden"
"src/main/assets/locales/cy/respondToClaim/legalrep/checkYourAnswersYourResponse.json","rows.counterClaimReasons.label","cy What are your reasons for making the counterclaim?","What are your reasons for making the counterclaim?","FALSE","1","checkYourAnswersYourResponse.json::rows.counterClaimReasons.label"
"src/main/assets/locales/cy/respondToClaim/legalrep/checkYourAnswersYourResponse.json","rows.counterClaimReasons.changeHidden","cy counterclaim reasons","counterclaim reasons","FALSE","1","checkYourAnswersYourResponse.json::rows.counterClaimReasons.changeHidden"
"src/main/assets/locales/cy/respondToClaim/legalrep/checkYourAnswersYourResponse.json","rows.counterClaimAgainst.label","cy Who are you making the counterclaim against?","Who are you making the counterclaim against?","FALSE","1","checkYourAnswersYourResponse.json::rows.counterClaimAgainst.label"
"src/main/assets/locales/cy/respondToClaim/legalrep/checkYourAnswersYourResponse.json","rows.counterClaimAgainst.changeHidden","cy counterclaim against","counterclaim against","FALSE","1","checkYourAnswersYourResponse.json::rows.counterClaimAgainst.changeHidden"
"src/main/assets/locales/cy/respondToClaim/legalrep/checkYourAnswersYourResponse.json","rows.otherOrderRequestDetails.label","cy What orders are you asking the court to make?","What orders are you asking the court to make?","FALSE","1","checkYourAnswersYourResponse.json::rows.otherOrderRequestDetails.label"
"src/main/assets/locales/cy/respondToClaim/legalrep/checkYourAnswersYourResponse.json","rows.otherOrderRequestDetails.changeHidden","cy orders requested","orders requested","FALSE","1","checkYourAnswersYourResponse.json::rows.otherOrderRequestDetails.changeHidden"
"src/main/assets/locales/cy/respondToClaim/legalrep/checkYourAnswersYourResponse.json","rows.otherOrderRequestFacts.label","cy What facts would you like the court to consider when deciding the claim?","What facts would you like the court to consider when deciding the claim?","FALSE","1","checkYourAnswersYourResponse.json::rows.otherOrderRequestFacts.label"
"src/main/assets/locales/cy/respondToClaim/legalrep/checkYourAnswersYourResponse.json","rows.otherOrderRequestFacts.changeHidden","cy facts for the court","facts for the court","FALSE","1","checkYourAnswersYourResponse.json::rows.otherOrderRequestFacts.changeHidden"
"src/main/assets/locales/cy/respondToClaim/legalrep/checkYourAnswersYourResponse.json","rows.counterClaimWantToUploadFiles.label","cy Do you want to upload files to support your counterclaim?","Do you want to upload files to support your counterclaim?","FALSE","1","checkYourAnswersYourResponse.json::rows.counterClaimWantToUploadFiles.label"
"src/main/assets/locales/cy/respondToClaim/legalrep/checkYourAnswersYourResponse.json","rows.counterClaimWantToUploadFiles.changeHidden","cy upload files for counterclaim","upload files for counterclaim","FALSE","1","checkYourAnswersYourResponse.json::rows.counterClaimWantToUploadFiles.changeHidden"
"src/main/assets/locales/cy/respondToClaim/legalrep/checkYourAnswersYourResponse.json","rows.counterClaimDocuments.label","cy Uploaded files","Uploaded files","FALSE","1","checkYourAnswersYourResponse.json::rows.counterClaimDocuments.label"
"src/main/assets/locales/cy/respondToClaim/legalrep/checkYourAnswersYourResponse.json","rows.counterClaimDocuments.changeHidden","cy uploaded files for counterclaim","uploaded files for counterclaim","FALSE","1","checkYourAnswersYourResponse.json::rows.counterClaimDocuments.changeHidden"
"src/main/assets/locales/cy/respondToClaim/legalrep/checkYourAnswersYourResponse.json","rows.counterClaimDocuments.none","cy No files uploaded","No files uploaded","TRUE","2","counterClaimUploadFiles.json::noFilesUploaded ; checkYourAnswersYourResponse.json::rows.counterClaimDocuments.none"
"src/main/assets/locales/cy/respondToClaim/legalrep/endOfJourneyCya.json","pageTitle","cy Check your answers","Check your answers","TRUE","9","checkYourAnswersIncomeAndExpenses.json::pageTitle ; checkYourAnswersPaymentsAndAgreements.json::pageTitle ; checkYourAnswersPersonalDetails.json::pageTitle ; checkYourAnswersYourCircumstances.json::pageTitle ; checkYourAnswersYourResponse.json::pageTitle ; endOfJourneyCya.json::pageTitle ; endOfJourneyCya.json::heading ; respondToClaim/endOfJourneyCya.json::pageTitle ; respondToClaim/endOfJourneyCya.json::heading"
"src/main/assets/locales/cy/respondToClaim/legalrep/endOfJourneyCya.json","heading","cy Check your answers","Check your answers","TRUE","9","checkYourAnswersIncomeAndExpenses.json::pageTitle ; checkYourAnswersPaymentsAndAgreements.json::pageTitle ; checkYourAnswersPersonalDetails.json::pageTitle ; checkYourAnswersYourCircumstances.json::pageTitle ; checkYourAnswersYourResponse.json::pageTitle ; endOfJourneyCya.json::pageTitle ; endOfJourneyCya.json::heading ; respondToClaim/endOfJourneyCya.json::pageTitle ; respondToClaim/endOfJourneyCya.json::heading"
"src/main/assets/locales/cy/respondToClaim/legalrep/endOfJourneyCya.json","sections.legalAdvice","cy Legal advice","Legal advice","TRUE","2","endOfJourneyCya.json::sections.legalAdvice ; respondToClaim/endOfJourneyCya.json::sections.legalAdvice"
"src/main/assets/locales/cy/respondToClaim/legalrep/endOfJourneyCya.json","sections.personalDetails","cy Personal details","Personal details","TRUE","3","checkYourAnswersPersonalDetails.json::cardTitle ; endOfJourneyCya.json::sections.personalDetails ; respondToClaim/endOfJourneyCya.json::sections.personalDetails"
"src/main/assets/locales/cy/respondToClaim/legalrep/endOfJourneyCya.json","sections.claimantsClaim","cy {{claimantName, pluralPossessive}} claim","{{claimantName, pluralPossessive}} claim","TRUE","2","endOfJourneyCya.json::sections.claimantsClaim ; respondToClaim/endOfJourneyCya.json::sections.claimantsClaim"
"src/main/assets/locales/cy/respondToClaim/legalrep/endOfJourneyCya.json","sections.dependantsAndOtherResidents","cy Dependants and other residents","Dependants and other residents","TRUE","2","endOfJourneyCya.json::sections.dependantsAndOtherResidents ; respondToClaim/endOfJourneyCya.json::sections.dependantsAndOtherResidents"
"src/main/assets/locales/cy/respondToClaim/legalrep/endOfJourneyCya.json","sections.yourCircumstances","cy Circumstances","Circumstances","FALSE","1","endOfJourneyCya.json::sections.yourCircumstances"
"src/main/assets/locales/cy/respondToClaim/legalrep/endOfJourneyCya.json","sections.incomeAndExpenses","cy Income and expenses","Income and expenses","TRUE","3","checkYourAnswersIncomeAndExpenses.json::cardTitle ; endOfJourneyCya.json::sections.incomeAndExpenses ; respondToClaim/endOfJourneyCya.json::sections.incomeAndExpenses"
"src/main/assets/locales/cy/respondToClaim/legalrep/endOfJourneyCya.json","sections.regularIncome","cy Regular income","Regular income","TRUE","3","checkYourAnswersIncomeAndExpenses.json::rows.regularIncome.changeHidden ; endOfJourneyCya.json::sections.regularIncome ; respondToClaim/endOfJourneyCya.json::sections.regularIncome"
"src/main/assets/locales/cy/respondToClaim/legalrep/endOfJourneyCya.json","sections.universalCredit","cy Universal credit","Universal credit","TRUE","3","checkYourAnswersIncomeAndExpenses.json::rows.regularIncome.options.universalCredit ; endOfJourneyCya.json::sections.universalCredit ; respondToClaim/endOfJourneyCya.json::sections.universalCredit"
"src/main/assets/locales/cy/respondToClaim/legalrep/endOfJourneyCya.json","sections.priorityDebts","cy Priority debts","Priority debts","TRUE","3","checkYourAnswersIncomeAndExpenses.json::rows.priorityDebts.changeHidden ; endOfJourneyCya.json::sections.priorityDebts ; respondToClaim/endOfJourneyCya.json::sections.priorityDebts"
"src/main/assets/locales/cy/respondToClaim/legalrep/endOfJourneyCya.json","sections.regularExpenses","cy Regular expenses","Regular expenses","TRUE","3","checkYourAnswersIncomeAndExpenses.json::rows.regularExpenses.changeHidden ; endOfJourneyCya.json::sections.regularExpenses ; respondToClaim/endOfJourneyCya.json::sections.regularExpenses"
"src/main/assets/locales/cy/respondToClaim/legalrep/endOfJourneyCya.json","sections.uploadFiles","cy Upload files","Upload files","TRUE","2","endOfJourneyCya.json::sections.uploadFiles ; respondToClaim/endOfJourneyCya.json::sections.uploadFiles"
"src/main/assets/locales/cy/respondToClaim/legalrep/endOfJourneyCya.json","sections.otherConsiderations","cy Other considerations","Other considerations","TRUE","3","checkYourAnswersIncomeAndExpenses.json::rows.otherConsiderations.changeHidden ; endOfJourneyCya.json::sections.otherConsiderations ; respondToClaim/endOfJourneyCya.json::sections.otherConsiderations"
"src/main/assets/locales/cy/respondToClaim/legalrep/endOfJourneyCya.json","sections.languageUsed","cy Language used","Language used","TRUE","2","endOfJourneyCya.json::sections.languageUsed ; respondToClaim/endOfJourneyCya.json::sections.languageUsed"
"src/main/assets/locales/cy/respondToClaim/legalrep/endOfJourneyCya.json","rows.otherConsiderations.label","cy Is there anything else the defendant wants to tell the court as part of their response?","Is there anything else the defendant wants to tell the court as part of their response?","FALSE","1","endOfJourneyCya.json::rows.otherConsiderations.label"
"src/main/assets/locales/cy/respondToClaim/legalrep/endOfJourneyCya.json","rows.otherConsiderationsDetails.label","cy Give details about what else the defendant wants to tell the court","Give details about what else the defendant wants to tell the court","TRUE","2","checkYourAnswersIncomeAndExpenses.json::rows.otherConsiderationsDetails.label ; endOfJourneyCya.json::rows.otherConsiderationsDetails.label"
"src/main/assets/locales/cy/respondToClaim/legalrep/endOfJourneyCya.json","rows.languageUsed.label","cy Which language did you use to complete this service?","Which language did you use to complete this service?","FALSE","1","endOfJourneyCya.json::rows.languageUsed.label"
"src/main/assets/locales/cy/respondToClaim/legalrep/endOfJourneyCya.json","statementOfTruth.heading","cy Statement of truth","Statement of truth","TRUE","4","endOfJourneyCya.json::statementOfTruth.heading ; respondToClaim/endOfJourneyCya.json::statementOfTruth.heading ; respondToClaim/endOfJourneyCya.json::statementOfTruth.contemptFieldLabel ; respondToClaim/endOfJourneyCya.json::statementOfTruth.beliefFieldLabel"
"src/main/assets/locales/cy/respondToClaim/legalrep/endOfJourneyCya.json","statementOfTruth.contemptOption","cy I understand that proceedings for contempt of court may be brought against anyone who makes, or causes to be made, a false statement in a document verified by a statement of truth without an honest belief in its truth.","I understand that proceedings for contempt of court may be brought against anyone who makes, or causes to be made, a false statement in a document verified by a statement of truth without an honest belief in its truth.","TRUE","2","endOfJourneyCya.json::statementOfTruth.contemptOption ; respondToClaim/endOfJourneyCya.json::statementOfTruth.contemptOption"
"src/main/assets/locales/cy/respondToClaim/legalrep/endOfJourneyCya.json","statementOfTruth.beliefOption","cy The defendant believes that the facts stated in this defence form are true. I am authorised by the defendant to submit this statement.","The defendant believes that the facts stated in this defence form are true. I am authorised by the defendant to submit this statement.","TRUE","2","endOfJourneyCya.json::statementOfTruth.beliefOption ; respondToClaim/endOfJourneyCya.json::statementOfTruth.legalRepBeliefOption"
"src/main/assets/locales/cy/respondToClaim/legalrep/endOfJourneyCya.json","statementOfTruth.fullNameLabel","cy Full name","Full name","TRUE","2","endOfJourneyCya.json::statementOfTruth.fullNameLabel ; respondToClaim/endOfJourneyCya.json::statementOfTruth.legalRepFullNameLabel"
"src/main/assets/locales/cy/respondToClaim/legalrep/endOfJourneyCya.json","statementOfTruth.nameOfFirmLabel","cy Name of firm","Name of firm","TRUE","2","endOfJourneyCya.json::statementOfTruth.nameOfFirmLabel ; respondToClaim/endOfJourneyCya.json::statementOfTruth.nameOfFirmLabel"
"src/main/assets/locales/cy/respondToClaim/legalrep/endOfJourneyCya.json","statementOfTruth.positionHeldLabel","cy Position or office held","Position or office held","TRUE","2","endOfJourneyCya.json::statementOfTruth.positionHeldLabel ; respondToClaim/endOfJourneyCya.json::statementOfTruth.positionHeldLabel"
"src/main/assets/locales/cy/respondToClaim/legalrep/endOfJourneyCya.json","errors.statementOfTruthBelief","cy Select if the defendant believes that the facts stated in this defence form are true","Select if the defendant believes that the facts stated in this defence form are true","FALSE","1","endOfJourneyCya.json::errors.statementOfTruthBelief"
"src/main/assets/locales/cy/respondToClaim/legalrep/endOfJourneyCya.json","errors.nameOfFirm","cy Enter the name of firm","Enter the name of firm","TRUE","2","endOfJourneyCya.json::errors.nameOfFirm ; respondToClaim/endOfJourneyCya.json::errors.nameOfFirm"
"src/main/assets/locales/cy/respondToClaim/legalrep/endOfJourneyCya.json","errors.positionHeld","cy Enter your position or office held","Enter your position or office held","TRUE","2","endOfJourneyCya.json::errors.positionHeld ; respondToClaim/endOfJourneyCya.json::errors.positionHeld"
"src/main/assets/locales/cy/respondToClaim/legalrep/repaymentsMade.json","heading","cyPrevious payments","Previous payments","FALSE","1","repaymentsMade.json::heading"
"src/main/assets/locales/cy/respondToClaim/legalrep/repaymentsMade.json","repaymentsMadeQuestion","cyHas the defendant paid any money to {{claimantName}} since {{dateIssued, ordinalDate}}?","Has the defendant paid any money to {{claimantName}} since {{dateIssued, ordinalDate}}?","TRUE","2","checkYourAnswersPaymentsAndAgreements.json::rows.anyPaymentsMade.label ; repaymentsMade.json::repaymentsMadeQuestion"
"src/main/assets/locales/cy/respondToClaim/legalrep/repaymentsMade.json","textAreaLabel","cyGive details about how much the defendant paid and when","Give details about how much the defendant paid and when","TRUE","3","checkYourAnswersPaymentsAndAgreements.json::rows.paymentDetails.label ; repaymentsMade.json::textAreaLabel ; repaymentsMade.json::errors.repaymentsInfo"
"src/main/assets/locales/cy/respondToClaim/legalrep/repaymentsMade.json","errors.repaymentsInfo","cyGive details about how much the defendant paid and when","Give details about how much the defendant paid and when","TRUE","3","checkYourAnswersPaymentsAndAgreements.json::rows.paymentDetails.label ; repaymentsMade.json::textAreaLabel ; repaymentsMade.json::errors.repaymentsInfo"
"src/main/assets/locales/cy/respondToClaim/legalrep/repaymentsMade.json","errors.confirmRepaymentsMade","cySelect if the defendant has paid any money to {{claimantName}} since {{dateIssued, ordinalDate}}","Select if the defendant has paid any money to {{claimantName}} since {{dateIssued, ordinalDate}}","FALSE","1","repaymentsMade.json::errors.confirmRepaymentsMade"
"src/main/assets/locales/cy/respondToClaim/endOfJourneyCya.json","pageTitle","cy Check your answers","Check your answers","TRUE","9","checkYourAnswersIncomeAndExpenses.json::pageTitle ; checkYourAnswersPaymentsAndAgreements.json::pageTitle ; checkYourAnswersPersonalDetails.json::pageTitle ; checkYourAnswersYourCircumstances.json::pageTitle ; checkYourAnswersYourResponse.json::pageTitle ; endOfJourneyCya.json::pageTitle ; endOfJourneyCya.json::heading ; respondToClaim/endOfJourneyCya.json::pageTitle ; respondToClaim/endOfJourneyCya.json::heading"
"src/main/assets/locales/cy/respondToClaim/endOfJourneyCya.json","heading","cy Check your answers","Check your answers","TRUE","9","checkYourAnswersIncomeAndExpenses.json::pageTitle ; checkYourAnswersPaymentsAndAgreements.json::pageTitle ; checkYourAnswersPersonalDetails.json::pageTitle ; checkYourAnswersYourCircumstances.json::pageTitle ; checkYourAnswersYourResponse.json::pageTitle ; endOfJourneyCya.json::pageTitle ; endOfJourneyCya.json::heading ; respondToClaim/endOfJourneyCya.json::pageTitle ; respondToClaim/endOfJourneyCya.json::heading"
"src/main/assets/locales/cy/respondToClaim/endOfJourneyCya.json","sections.legalAdvice","cy Legal advice","Legal advice","TRUE","2","endOfJourneyCya.json::sections.legalAdvice ; respondToClaim/endOfJourneyCya.json::sections.legalAdvice"
"src/main/assets/locales/cy/respondToClaim/endOfJourneyCya.json","sections.personalDetails","cy Personal details","Personal details","TRUE","3","checkYourAnswersPersonalDetails.json::cardTitle ; endOfJourneyCya.json::sections.personalDetails ; respondToClaim/endOfJourneyCya.json::sections.personalDetails"
"src/main/assets/locales/cy/respondToClaim/endOfJourneyCya.json","sections.claimantsClaim","cy {{claimantName, pluralPossessive}} claim","{{claimantName, pluralPossessive}} claim","TRUE","2","endOfJourneyCya.json::sections.claimantsClaim ; respondToClaim/endOfJourneyCya.json::sections.claimantsClaim"
"src/main/assets/locales/cy/respondToClaim/endOfJourneyCya.json","sections.dependantsAndOtherResidents","cy Dependants and other residents","Dependants and other residents","TRUE","2","endOfJourneyCya.json::sections.dependantsAndOtherResidents ; respondToClaim/endOfJourneyCya.json::sections.dependantsAndOtherResidents"
"src/main/assets/locales/cy/respondToClaim/endOfJourneyCya.json","sections.yourCircumstances","cy Your circumstances","Your circumstances","TRUE","2","checkYourAnswersYourCircumstances.json::cardTitle ; respondToClaim/endOfJourneyCya.json::sections.yourCircumstances"
"src/main/assets/locales/cy/respondToClaim/endOfJourneyCya.json","sections.incomeAndExpenses","cy Income and expenses","Income and expenses","TRUE","3","checkYourAnswersIncomeAndExpenses.json::cardTitle ; endOfJourneyCya.json::sections.incomeAndExpenses ; respondToClaim/endOfJourneyCya.json::sections.incomeAndExpenses"
"src/main/assets/locales/cy/respondToClaim/endOfJourneyCya.json","sections.regularIncome","cy Regular income","Regular income","TRUE","3","checkYourAnswersIncomeAndExpenses.json::rows.regularIncome.changeHidden ; endOfJourneyCya.json::sections.regularIncome ; respondToClaim/endOfJourneyCya.json::sections.regularIncome"
"src/main/assets/locales/cy/respondToClaim/endOfJourneyCya.json","sections.universalCredit","cy Universal credit","Universal credit","TRUE","3","checkYourAnswersIncomeAndExpenses.json::rows.regularIncome.options.universalCredit ; endOfJourneyCya.json::sections.universalCredit ; respondToClaim/endOfJourneyCya.json::sections.universalCredit"
"src/main/assets/locales/cy/respondToClaim/endOfJourneyCya.json","sections.priorityDebts","cy Priority debts","Priority debts","TRUE","3","checkYourAnswersIncomeAndExpenses.json::rows.priorityDebts.changeHidden ; endOfJourneyCya.json::sections.priorityDebts ; respondToClaim/endOfJourneyCya.json::sections.priorityDebts"
"src/main/assets/locales/cy/respondToClaim/endOfJourneyCya.json","sections.regularExpenses","cy Regular expenses","Regular expenses","TRUE","3","checkYourAnswersIncomeAndExpenses.json::rows.regularExpenses.changeHidden ; endOfJourneyCya.json::sections.regularExpenses ; respondToClaim/endOfJourneyCya.json::sections.regularExpenses"
"src/main/assets/locales/cy/respondToClaim/endOfJourneyCya.json","sections.uploadFiles","cy Upload files","Upload files","TRUE","2","endOfJourneyCya.json::sections.uploadFiles ; respondToClaim/endOfJourneyCya.json::sections.uploadFiles"
"src/main/assets/locales/cy/respondToClaim/endOfJourneyCya.json","sections.otherConsiderations","cy Other considerations","Other considerations","TRUE","3","checkYourAnswersIncomeAndExpenses.json::rows.otherConsiderations.changeHidden ; endOfJourneyCya.json::sections.otherConsiderations ; respondToClaim/endOfJourneyCya.json::sections.otherConsiderations"
"src/main/assets/locales/cy/respondToClaim/endOfJourneyCya.json","sections.languageUsed","cy Language used","Language used","TRUE","2","endOfJourneyCya.json::sections.languageUsed ; respondToClaim/endOfJourneyCya.json::sections.languageUsed"
"src/main/assets/locales/cy/respondToClaim/endOfJourneyCya.json","rows.uploadedDocuments.label","cy Upload any files that you think are relevant to your response","Upload any files that you think are relevant to your response","FALSE","1","respondToClaim/endOfJourneyCya.json::rows.uploadedDocuments.label"
"src/main/assets/locales/cy/respondToClaim/endOfJourneyCya.json","rows.otherConsiderations.label","cy Is there anything else you want to tell the court as part of your response?","Is there anything else you want to tell the court as part of your response?","FALSE","1","respondToClaim/endOfJourneyCya.json::rows.otherConsiderations.label"
"src/main/assets/locales/cy/respondToClaim/endOfJourneyCya.json","rows.otherConsiderations.changeHidden","cy whether there is anything else you want to tell the court as part of your response","whether there is anything else you want to tell the court as part of your response","FALSE","1","respondToClaim/endOfJourneyCya.json::rows.otherConsiderations.changeHidden"
"src/main/assets/locales/cy/respondToClaim/endOfJourneyCya.json","rows.otherConsiderationsDetails.label","cy Give details about what else you want to tell the court","Give details about what else you want to tell the court","FALSE","1","respondToClaim/endOfJourneyCya.json::rows.otherConsiderationsDetails.label"
"src/main/assets/locales/cy/respondToClaim/endOfJourneyCya.json","rows.otherConsiderationsDetails.changeHidden","cy the details about what else you want to tell the court","the details about what else you want to tell the court","FALSE","1","respondToClaim/endOfJourneyCya.json::rows.otherConsiderationsDetails.changeHidden"
"src/main/assets/locales/cy/respondToClaim/endOfJourneyCya.json","rows.languageUsed.label","cy Which language did you use to complete your response?","Which language did you use to complete your response?","FALSE","1","respondToClaim/endOfJourneyCya.json::rows.languageUsed.label"
"src/main/assets/locales/cy/respondToClaim/endOfJourneyCya.json","rows.languageUsed.changeHidden","cy which language you used to complete your response","which language you used to complete your response","FALSE","1","respondToClaim/endOfJourneyCya.json::rows.languageUsed.changeHidden"
"src/main/assets/locales/cy/respondToClaim/endOfJourneyCya.json","rows.languageUsed.options.ENGLISH","cy English","English","FALSE","1","respondToClaim/endOfJourneyCya.json::rows.languageUsed.options.ENGLISH"
"src/main/assets/locales/cy/respondToClaim/endOfJourneyCya.json","rows.languageUsed.options.WELSH","cy Welsh","Welsh","FALSE","1","respondToClaim/endOfJourneyCya.json::rows.languageUsed.options.WELSH"
"src/main/assets/locales/cy/respondToClaim/endOfJourneyCya.json","rows.languageUsed.options.ENGLISH_AND_WELSH","cy English and Welsh","English and Welsh","FALSE","1","respondToClaim/endOfJourneyCya.json::rows.languageUsed.options.ENGLISH_AND_WELSH"
"src/main/assets/locales/cy/respondToClaim/endOfJourneyCya.json","statementOfTruth.heading","cy Statement of truth","Statement of truth","TRUE","4","endOfJourneyCya.json::statementOfTruth.heading ; respondToClaim/endOfJourneyCya.json::statementOfTruth.heading ; respondToClaim/endOfJourneyCya.json::statementOfTruth.contemptFieldLabel ; respondToClaim/endOfJourneyCya.json::statementOfTruth.beliefFieldLabel"
"src/main/assets/locales/cy/respondToClaim/endOfJourneyCya.json","statementOfTruth.hint","cy Please check all the details you have entered for accuracy.","Please check all the details you have entered for accuracy.","FALSE","1","respondToClaim/endOfJourneyCya.json::statementOfTruth.hint"
"src/main/assets/locales/cy/respondToClaim/endOfJourneyCya.json","statementOfTruth.contemptFieldLabel","cy Statement of truth","Statement of truth","TRUE","4","endOfJourneyCya.json::statementOfTruth.heading ; respondToClaim/endOfJourneyCya.json::statementOfTruth.heading ; respondToClaim/endOfJourneyCya.json::statementOfTruth.contemptFieldLabel ; respondToClaim/endOfJourneyCya.json::statementOfTruth.beliefFieldLabel"
"src/main/assets/locales/cy/respondToClaim/endOfJourneyCya.json","statementOfTruth.contemptOption","cy I understand that proceedings for contempt of court may be brought against anyone who makes, or causes to be made, a false statement in a document verified by a statement of truth without an honest belief in its truth.","I understand that proceedings for contempt of court may be brought against anyone who makes, or causes to be made, a false statement in a document verified by a statement of truth without an honest belief in its truth.","TRUE","2","endOfJourneyCya.json::statementOfTruth.contemptOption ; respondToClaim/endOfJourneyCya.json::statementOfTruth.contemptOption"
"src/main/assets/locales/cy/respondToClaim/endOfJourneyCya.json","statementOfTruth.beliefFieldLabel","cy Statement of truth","Statement of truth","TRUE","4","endOfJourneyCya.json::statementOfTruth.heading ; respondToClaim/endOfJourneyCya.json::statementOfTruth.heading ; respondToClaim/endOfJourneyCya.json::statementOfTruth.contemptFieldLabel ; respondToClaim/endOfJourneyCya.json::statementOfTruth.beliefFieldLabel"
"src/main/assets/locales/cy/respondToClaim/endOfJourneyCya.json","statementOfTruth.beliefOption","cy I believe that the facts stated in this defence form are true.","I believe that the facts stated in this defence form are true.","FALSE","1","respondToClaim/endOfJourneyCya.json::statementOfTruth.beliefOption"
"src/main/assets/locales/cy/respondToClaim/endOfJourneyCya.json","statementOfTruth.fullNameLabel","cy Your full name","Your full name","TRUE","2","respondToClaim/endOfJourneyCya.json::statementOfTruth.fullNameLabel ; respondToClaim/endOfJourneyCya.json::statementOfTruth.fullNameLabel"
"src/main/assets/locales/cy/respondToClaim/endOfJourneyCya.json","statementOfTruth.legalRepBeliefOption","cy The defendant believes that the facts stated in this defence form are true. I am authorised by the defendant to submit this statement.","The defendant believes that the facts stated in this defence form are true. I am authorised by the defendant to submit this statement.","TRUE","2","endOfJourneyCya.json::statementOfTruth.beliefOption ; respondToClaim/endOfJourneyCya.json::statementOfTruth.legalRepBeliefOption"
"src/main/assets/locales/cy/respondToClaim/endOfJourneyCya.json","statementOfTruth.fullNameLabel","cy Your full name","Your full name","TRUE","2","respondToClaim/endOfJourneyCya.json::statementOfTruth.fullNameLabel ; respondToClaim/endOfJourneyCya.json::statementOfTruth.fullNameLabel"
"src/main/assets/locales/cy/respondToClaim/endOfJourneyCya.json","statementOfTruth.legalRepFullNameLabel","cy Full name","Full name","TRUE","2","endOfJourneyCya.json::statementOfTruth.fullNameLabel ; respondToClaim/endOfJourneyCya.json::statementOfTruth.legalRepFullNameLabel"
"src/main/assets/locales/cy/respondToClaim/endOfJourneyCya.json","statementOfTruth.nameOfFirmLabel","cy Name of firm","Name of firm","TRUE","2","endOfJourneyCya.json::statementOfTruth.nameOfFirmLabel ; respondToClaim/endOfJourneyCya.json::statementOfTruth.nameOfFirmLabel"
"src/main/assets/locales/cy/respondToClaim/endOfJourneyCya.json","statementOfTruth.positionHeldLabel","cy Position or office held","Position or office held","TRUE","2","endOfJourneyCya.json::statementOfTruth.positionHeldLabel ; respondToClaim/endOfJourneyCya.json::statementOfTruth.positionHeldLabel"
"src/main/assets/locales/cy/respondToClaim/endOfJourneyCya.json","errors.statementOfTruthContempt","cy Select if you understand that proceedings for contempt of court may be brought against anyone who makes, or causes to be made, a false statement in a document verified by a statement of truth without an honest belief in its truth","Select if you understand that proceedings for contempt of court may be brought against anyone who makes, or causes to be made, a false statement in a document verified by a statement of truth without an honest belief in its truth","FALSE","1","respondToClaim/endOfJourneyCya.json::errors.statementOfTruthContempt"
"src/main/assets/locales/cy/respondToClaim/endOfJourneyCya.json","errors.statementOfTruthBelief","cy Select if you believe that the facts stated in this defence form are true","Select if you believe that the facts stated in this defence form are true","FALSE","1","respondToClaim/endOfJourneyCya.json::errors.statementOfTruthBelief"
"src/main/assets/locales/cy/respondToClaim/endOfJourneyCya.json","errors.legalRepStatementOfTruthBelief","cy Select if the defendant believes that the facts stated in this defence form are true and that you are authorised by the defendant to submit this statement","Select if the defendant believes that the facts stated in this defence form are true and that you are authorised by the defendant to submit this statement","FALSE","1","respondToClaim/endOfJourneyCya.json::errors.legalRepStatementOfTruthBelief"
"src/main/assets/locales/cy/respondToClaim/endOfJourneyCya.json","errors.fullName","cy Enter your full name","Enter your full name","FALSE","1","respondToClaim/endOfJourneyCya.json::errors.fullName"
"src/main/assets/locales/cy/respondToClaim/endOfJourneyCya.json","errors.fullNameMaxLength","cyYour full name must be 100 characters or fewer","Your full name must be 100 characters or fewer","TRUE","2","respondToClaim/endOfJourneyCya.json::errors.fullNameMaxLength ; respondToClaim/endOfJourneyCya.json::errors.fullNameMaxLength"
"src/main/assets/locales/cy/respondToClaim/endOfJourneyCya.json","errors.fullNameMaxLength","cyYour full name must be 100 characters or fewer","Your full name must be 100 characters or fewer","TRUE","2","respondToClaim/endOfJourneyCya.json::errors.fullNameMaxLength ; respondToClaim/endOfJourneyCya.json::errors.fullNameMaxLength"
"src/main/assets/locales/cy/respondToClaim/endOfJourneyCya.json","errors.nameOfFirm","cy Enter the name of firm","Enter the name of firm","TRUE","2","endOfJourneyCya.json::errors.nameOfFirm ; respondToClaim/endOfJourneyCya.json::errors.nameOfFirm"
"src/main/assets/locales/cy/respondToClaim/endOfJourneyCya.json","errors.nameOfFirmMaxLength","cy Name of firm must be 100 characters or fewer","Name of firm must be 100 characters or fewer","FALSE","1","respondToClaim/endOfJourneyCya.json::errors.nameOfFirmMaxLength"
"src/main/assets/locales/cy/respondToClaim/endOfJourneyCya.json","errors.positionHeld","cy Enter your position or office held","Enter your position or office held","TRUE","2","endOfJourneyCya.json::errors.positionHeld ; respondToClaim/endOfJourneyCya.json::errors.positionHeld"
"src/main/assets/locales/cy/respondToClaim/endOfJourneyCya.json","errors.positionHeldMaxLength","cy Position or office held must be 100 characters or fewer","Position or office held must be 100 characters or fewer","FALSE","1","respondToClaim/endOfJourneyCya.json::errors.positionHeldMaxLength"
